,Seedling,SoilSource,Treatment,Tray,Position,SeedlingStatus,HarvestDate,WeighingDate,AG_Dry_mg,BG_Dry_mg,PlantSpecies,ID_num,SoilHostSpecies,Round,Age,Location,GreenhouseRound,PlantDate,Total_Dry_mg
2,L4_Ster_Ce,L_4,Sterile,Tray5,2,Alive,11/20/17,2012/2/17,30.17,3.38,Ce,4,Lupine,1,9,BMR,Round1,25-Aug,33.55
3,I64_Ster_Aa,I_64,Sterile,Tray5,3,Alive,11/20/17,2012/2/17,27.7,36.92,Aa,64,IcePlant,1,0.5,BMR,Round1,25-Aug,64.62
4,I53_Ster_Bp,I_53,Sterile,Tray5,4,Alive,11/20/17,2012/2/17,26.08,39.05,Bp,53,IcePlant,1,5,Sonoma,Round1,25-Aug,65.13
5,B29_Ster_Bp,B_29,Sterile,Tray5,5,Alive,11/20/17,2012/2/17,12.74,22.64,Bp,29,Baccharis,2,10,Sonoma,Round1,25-Aug,35.38
6,B36_Ster_La,B_36,Sterile,Tray5,6,Alive,11/20/17,2012/2/17,426.41,537.41,La,36,Baccharis,2,0.5,BMR,Round1,25-Aug,963.82
7,B29_Ster_Ce,B_29,Sterile,Tray5,7,Alive,11/20/17,2012/2/17,28.65,3.57,Ce,29,Baccharis,2,10,Sonoma,Round1,25-Aug,32.22
8,I27_Ster_Aa,I_27,Sterile,Tray5,8,Alive,11/20/17,2012/2/17,43.99,39.82,Aa,27,IcePlant,1,18,Sonoma,Round1,25-Aug,83.81
10,L8_Live_Aa,L_8,Live,Tray5,10,Alive,11/20/17,2012/2/17,50.4,39.91,Aa,8,Lupine,1,4,BMR,Round1,24-Aug,90.31
11,L31_Ster_Bp,L_31,Sterile,Tray5,11,Alive,11/20/17,2012/2/17,32.81,53.61,Bp,31,Lupine,1,8,Sonoma,Round1,25-Aug,86.42
16,A19_Live_Ce,A_19,Live,Tray5,17,Alive,11/20/17,2012/2/17,18.19,4.67,Ce,19,Ammophila,1,10,Sonoma,Round1,24-Aug,22.86
18,I8_Live_Bp,I_8,Live,Tray5,19,Alive,11/20/17,2012/2/17,2.89,5.53,Bp,8,IcePlant,1,12,BMR,Round1,24-Aug,8.42
19,L35_Ster_Aa,L_35,Sterile,Tray5,20,Alive,11/20/17,2012/2/17,75.95,115.35,Aa,35,Lupine,2,5,Sonoma,Round1,25-Aug,191.3
20,I55_Ster_La,I_55,Sterile,Tray5,21,Alive,11/20/17,2012/2/17,72.44,135.24,La,55,IcePlant,1,13,Sonoma,Round1,25-Aug,207.68
21,L21_Live_Bp,L_21,Live,Tray5,22,Alive,11/20/17,2012/2/17,21.19,28.15,Bp,21,Lupine,1,7,Sonoma,Round1,24-Aug,49.34
22,B15_Live_Aa,B_15,Live,Tray5,23,Alive,11/20/17,2012/2/17,81.13,71.75,Aa,15,Baccharis,2,26,BMR,Round1,24-Aug,152.88
24,L21_Live_Ce,L_21,Live,Tray5,25,Alive,11/20/17,2012/2/17,29.61,6.94,Ce,21,Lupine,1,7,Sonoma,Round1,24-Aug,36.55
25,B6_Ster_Ce,B_6,Sterile,Tray5,26,Alive,11/20/17,2012/2/17,37.98,9.5,Ce,6,Baccharis,2,17,BMR,Round1,25-Aug,47.48
26,L31_Live_Bp,L_31,Live,Tray5,27,Alive,11/20/17,2012/2/17,53.53,66.1,Bp,31,Lupine,1,8,Sonoma,Round1,24-Aug,119.63
28,L21_Ster_Bp,L_21,Sterile,Tray5,29,Alive,11/20/17,2012/2/17,23.31,25.2,Bp,21,Lupine,1,7,Sonoma,Round1,25-Aug,48.51
30,L50_Ster_Aa,L_50,Sterile,Tray5,31,Alive,11/20/17,2012/2/17,50.19,87.53,Aa,50,Lupine,2,3,Sonoma,Round1,25-Aug,137.72
31,L21_Ster_Ce,L_21,Sterile,Tray5,32,Alive,11/20/17,2012/2/17,39.72,12.57,Ce,21,Lupine,1,7,Sonoma,Round1,25-Aug,52.29
32,I42_Ster_Aa,I_42,Sterile,Tray5,33,Alive,11/20/17,2012/2/17,23.27,20.09,Aa,42,IcePlant,2,23,Sonoma,Round1,25-Aug,43.36
33,A32_Live_Bp,A_32,Live,Tray5,34,Alive,11/20/17,2012/2/17,3.13,6.96,Bp,32,Ammophila,2,0.5,Sonoma,Round1,24-Aug,10.09
35,L31_Ster_La,L_31,Sterile,Tray5,36,Alive,11/20/17,2012/2/17,57.35,197.17,La,31,Lupine,1,8,Sonoma,Round1,25-Aug,254.52
36,I8_Live_Ce,I_8,Live,Tray5,37,Alive,11/20/17,2012/2/17,5.91,0.92,Ce,8,IcePlant,1,12,BMR,Round1,24-Aug,6.83
37,I41_Live_Bp,I_41,Live,Tray5,38,Alive,11/20/17,2012/2/17,7.84,23.01,Bp,41,IcePlant,2,8,Sonoma,Round1,24-Aug,30.85
38,A19_Ster_Aa,A_19,Sterile,Tray5,40,Alive,11/20/17,2012/2/17,46.5,99.58,Aa,19,Ammophila,1,10,Sonoma,Round1,25-Aug,146.08
39,L21_Ster_La,L_21,Sterile,Tray5,41,Alive,11/20/17,2012/2/17,88.05,175.5,La,21,Lupine,1,7,Sonoma,Round1,25-Aug,263.55
40,A9_Ster_Bp,A_9,Sterile,Tray5,42,Alive,11/20/17,2012/2/17,22.08,35.3,Bp,9,Ammophila,1,23,BMR,Round1,25-Aug,57.38
41,A9_Ster_Ce,A_9,Sterile,Tray5,43,Alive,11/20/17,2012/2/17,26.94,6.71,Ce,9,Ammophila,1,23,BMR,Round1,25-Aug,33.65
42,B17_Live_La,B_17,Live,Tray5,44,Alive,11/20/17,2012/2/17,201.66,380.26,La,17,Baccharis,1,7,Sonoma,Round1,24-Aug,581.92
43,L1_Ster_Ce,L_1,Sterile,Tray5,45,Alive,11/20/17,2012/2/17,18.9,5.22,Ce,1,Lupine,1,12,BMR,Round1,25-Aug,24.12
44,A3_Live_Bp,A_3,Live,Tray5,46,Alive,11/20/17,2012/2/17,5.27,10.97,Bp,3,Ammophila,1,4,BMR,Round1,24-Aug,16.24
46,B10_Ster_Ce,B_10,Sterile,Tray5,48,Alive,11/20/17,2012/2/17,12.08,2.53,Ce,10,Baccharis,2,6,BMR,Round1,25-Aug,14.61
47,L33_Ster_Aa,L_33,Sterile,Tray5,49,Alive,11/20/17,2012/2/17,52.55,75.94,Aa,33,Lupine,1,3,Sonoma,Round1,25-Aug,128.49
48,A23_Live_Ce,A_23,Live,Tray1,1,Alive,11/21/17,2012/2/17,10.76,3.45,Ce,23,Ammophila,1,19,Sonoma,Round1,24-Aug,14.21
49,B13_Ster_La,B_13,Sterile,Tray1,2,Alive,11/21/17,2012/2/17,112.97,216.89,La,13,Baccharis,1,4,BMR,Round1,25-Aug,329.86
50,A18_Live_Aa,A_18,Live,Tray1,3,Alive,11/21/17,2012/2/17,17.7,8.76,Aa,18,Ammophila,1,26,Sonoma,Round1,24-Aug,26.46
51,I41_Live_La,I_41,Live,Tray1,4,Alive,11/21/17,2012/2/17,493.35,505.97,La,41,IcePlant,2,8,Sonoma,Round1,24-Aug,999.32
52,A31_Live_Aa,A_31,Live,Tray1,5,Alive,11/21/17,2012/2/17,21.83,14.36,Aa,31,Ammophila,1,0.5,BMR,Round1,24-Aug,36.19
53,L1_Ster_Aa,L_1,Sterile,Tray1,6,Alive,11/21/17,2012/2/17,56.53,95.37,Aa,1,Lupine,1,12,BMR,Round1,25-Aug,151.9
54,A13_Ster_Bp,A_13,Sterile,Tray1,7,Alive,11/21/17,2012/2/17,25.9,48.38,Bp,13,Ammophila,2,26,BMR,Round1,25-Aug,74.28
55,L4_Ster_Bp,L_4,Sterile,Tray1,8,Alive,11/21/17,2012/2/17,37.9,64.41,Bp,4,Lupine,1,9,BMR,Round1,25-Aug,102.31
56,B6_Ster_Bp,B_6,Sterile,Tray1,9,Alive,11/21/17,2012/2/17,16.46,27.27,Bp,6,Baccharis,2,17,BMR,Round1,25-Aug,43.73
57,I27_Ster_Bp,I_27,Sterile,Tray1,10,Alive,11/21/17,2012/2/17,21.24,42.03,Bp,27,IcePlant,1,18,Sonoma,Round1,25-Aug,63.27
58,A9_Live_Aa,A_9,Live,Tray1,11,Alive,11/21/17,2012/2/17,48.95,60.73,Aa,9,Ammophila,1,23,BMR,Round1,24-Aug,109.68
59,A3_Ster_Ce,A_3,Sterile,Tray1,12,Alive,11/21/17,2012/2/17,22.47,11.45,Ce,3,Ammophila,1,4,BMR,Round1,25-Aug,33.92
61,B22_Live_Ce,B_22,Live,Tray1,14,Alive,11/21/17,2012/2/17,7.64,2.65,Ce,22,Baccharis,1,12,Sonoma,Round1,25-Aug,10.29
62,I41_Ster_La,I_41,Sterile,Tray1,15,Alive,11/21/17,2012/2/17,54.96,114.19,La,41,IcePlant,2,8,Sonoma,Round1,25-Aug,169.15
63,A14_Ster_Aa,A_14,Sterile,Tray1,17,Alive,11/21/17,2012/2/17,55.16,70.51,Aa,14,Ammophila,2,14,BMR,Round1,25-Aug,125.67
64,B23_Ster_Aa,B_23,Sterile,Tray1,18,Alive,11/21/17,2012/2/17,40.99,57.16,Aa,23,Baccharis,1,8,Sonoma,Round1,25-Aug,98.15
65,B23_Live_Ce,B_23,Live,Tray1,19,Alive,11/21/17,2012/2/17,10.28,2.89,Ce,23,Baccharis,1,8,Sonoma,Round1,24-Aug,13.17
66,L31_Ster_Ce,L_31,Sterile,Tray1,20,Alive,11/21/17,2012/2/17,63.23,21.8,Ce,31,Lupine,1,8,Sonoma,Round1,25-Aug,85.03
67,L4_Ster_Aa,L_4,Sterile,Tray1,21,Alive,11/21/17,2012/2/17,108.49,104.17,Aa,4,Lupine,1,9,BMR,Round1,25-Aug,212.66
68,A25_Live_La,A_25,Live,Tray1,22,Alive,11/21/17,2012/3/17,479.04,411.66,La,25,Ammophila,1,6,Sonoma,Round1,24-Aug,890.7
69,A20_Live_Bp,A_20,Live,Tray1,23,Alive,11/21/17,2012/3/17,4.6,13.23,Bp,20,Ammophila,1,16,Sonoma,Round1,24-Aug,17.83
70,A3_Live_La,A_3,Live,Tray1,24,Alive,11/21/17,2012/3/17,1270.46,2372.59,La,3,Ammophila,1,4,BMR,Round1,24-Aug,3643.05
71,A32_Live_Ce,A_32,Live,Tray1,25,Alive,11/21/17,2012/3/17,7.84,2.28,Ce,32,Ammophila,2,0.5,Sonoma,Round1,24-Aug,10.12
72,L21_Ster_Aa,L_21,Sterile,Tray1,26,Alive,11/21/17,2012/3/17,112.19,99.04,Aa,21,Lupine,1,7,Sonoma,Round1,25-Aug,211.23
73,L4_Live_Aa,L_4,Live,Tray1,27,Alive,11/21/17,2012/3/17,48.29,40.21,Aa,4,Lupine,1,9,BMR,Round1,25-Aug,88.5
74,L4_Ster_La,L_4,Sterile,Tray1,28,Alive,11/21/17,2012/3/17,360.43,483,La,4,Lupine,1,9,BMR,Round1,25-Aug,843.43
75,L33_Live_Bp,L_33,Live,Tray1,30,Alive,11/21/17,2012/3/17,8.42,19.33,Bp,33,Lupine,1,3,Sonoma,Round1,25-Aug,27.75
76,B22_Ster_Bp,B_22,Sterile,Tray1,31,Alive,11/21/17,2012/3/17,6.26,12.42,Bp,22,Baccharis,1,12,Sonoma,Round1,25-Aug,18.68
77,B34_Ster_La,B_34,Sterile,Tray1,32,Alive,11/21/17,2012/3/17,69.3,132.94,La,34,Baccharis,1,0.5,Sonoma,Round1,25-Aug,202.24
78,A29_Ster_Ce,A_29,Sterile,Tray1,33,Alive,11/21/17,2012/3/17,33.55,12.03,Ce,29,Ammophila,1,11,Sonoma,Round1,25-Aug,45.58
79,A25_Ster_La,A_25,Sterile,Tray1,34,Alive,11/21/17,2012/3/17,102.6,229.14,La,25,Ammophila,1,6,Sonoma,Round1,25-Aug,331.74
80,I28_Ster_Aa,I_28,Sterile,Tray1,35,Alive,11/21/17,2012/3/17,53.2,62.95,Aa,28,IcePlant,2,11,Sonoma,Round1,25-Aug,116.15
81,A29_Ster_Bp,A_29,Sterile,Tray1,37,Alive,11/21/17,2012/3/17,19.03,39.44,Bp,29,Ammophila,1,11,Sonoma,Round1,25-Aug,58.47
82,A3_Live_Ce,A_3,Live,Tray1,38,Alive,11/21/17,2012/3/17,25.65,19.22,Ce,3,Ammophila,1,4,BMR,Round1,24-Aug,44.87
83,B29_Live_La,B_29,Live,Tray1,39,Alive,11/21/17,2012/3/17,1003.54,1696.73,La,29,Baccharis,2,10,Sonoma,Round1,24-Aug,2700.27
85,A3_Live_Aa,A_3,Live,Tray1,41,Alive,11/21/17,2012/3/17,47.25,40.45,Aa,3,Ammophila,1,4,BMR,Round1,24-Aug,87.7
86,A25_Live_Aa,A_25,Live,Tray1,42,Alive,11/21/17,2012/3/17,44.44,30.49,Aa,25,Ammophila,1,6,Sonoma,Round1,24-Aug,74.93
87,A31_Ster_La,A_31,Sterile,Tray1,43,Alive,11/21/17,2012/3/17,119.75,302.25,La,31,Ammophila,1,0.5,BMR,Round1,25-Aug,422
88,I53_Live_Bp,I_53,Live,Tray1,44,Alive,11/21/17,2012/3/17,10.97,12.99,Bp,53,IcePlant,1,5,Sonoma,Round1,24-Aug,23.96
90,A29_Live_Aa,A_29,Live,Tray1,46,Alive,11/21/17,2012/3/17,32.08,30.29,Aa,29,Ammophila,1,11,Sonoma,Round1,24-Aug,62.37
91,A24_Live_Ce,A_24,Live,Tray1,47,Alive,11/21/17,2012/3/17,26.54,17.96,Ce,24,Ammophila,1,18,Sonoma,Round1,24-Aug,44.5
92,A18_Live_Bp,A_18,Live,Tray1,48,Alive,11/21/17,2012/3/17,7.91,11.89,Bp,18,Ammophila,1,26,Sonoma,Round1,24-Aug,19.8
93,B11_Ster_La,B_11,Sterile,Tray1,49,Alive,11/21/17,2012/3/17,1168.37,2603.79,La,11,Baccharis,1,15,BMR,Round1,25-Aug,3772.16
94,I55_Ster_Ce,I_55,Sterile,Tray4,1,Alive,11/21/17,2012/3/17,19.67,9.18,Ce,55,IcePlant,1,13,Sonoma,Round1,25-Aug,28.85
96,B8_Live_Aa,B_8,Live,Tray4,3,Alive,11/21/17,2012/3/17,26.97,14.91,Aa,8,Baccharis,1,19,BMR,Round1,24-Aug,41.88
98,A9_Ster_La,A_9,Sterile,Tray4,6,Alive,11/21/17,2012/3/17,92.67,216.73,La,9,Ammophila,1,23,BMR,Round1,25-Aug,309.4
99,A19_Live_Bp,A_19,Live,Tray4,7,Alive,11/21/17,2012/3/17,9.81,22.71,Bp,19,Ammophila,1,10,Sonoma,Round1,24-Aug,32.52
100,B13_Live_Bp,B_13,Live,Tray4,8,Alive,11/21/17,2012/3/17,6.64,18.05,Bp,13,Baccharis,1,4,BMR,Round1,24-Aug,24.69
101,I4_Live_Aa,I_4,Live,Tray4,9,Alive,11/21/17,2012/3/17,15.88,13.06,Aa,4,IcePlant,1,20,BMR,Round1,25-Aug,28.94
102,A13_Ster_La,A_13,Sterile,Tray4,10,Alive,11/21/17,2012/3/17,311.43,457.77,La,13,Ammophila,2,26,BMR,Round1,25-Aug,769.2
103,A31_Live_Ce,A_31,Live,Tray4,11,Alive,11/21/17,2012/3/17,14.86,4.74,Ce,31,Ammophila,1,0.5,BMR,Round1,24-Aug,19.6
105,I27_Ster_Ce,I_27,Sterile,Tray4,13,Alive,11/21/17,2012/3/17,36.4,24.4,Ce,27,IcePlant,1,18,Sonoma,Round1,25-Aug,60.8
106,A14_Live_La,A_14,Live,Tray4,14,Alive,11/21/17,2012/3/17,954.97,1005.84,La,14,Ammophila,2,14,BMR,Round1,24-Aug,1960.81
107,I23_Ster_Ce,I_23,Sterile,Tray4,15,Alive,11/21/17,2012/3/17,21.1,17.86,Ce,23,IcePlant,1,15,Sonoma,Round1,25-Aug,38.96
108,A32_Ster_Aa,A_32,Sterile,Tray4,16,Alive,11/21/17,2012/3/17,34,41.89,Aa,32,Ammophila,2,0.5,Sonoma,Round1,25-Aug,75.89
109,B29_Live_Ce,B_29,Live,Tray4,17,Alive,11/21/17,2012/3/17,18.9,5.84,Ce,29,Baccharis,2,10,Sonoma,Round1,24-Aug,24.74
110,A13_Ster_Ce,A_13,Sterile,Tray4,18,Alive,11/21/17,2012/3/17,48.43,16.07,Ce,13,Ammophila,2,26,BMR,Round1,25-Aug,64.5
111,A3_Ster_Aa,A_3,Sterile,Tray4,19,Alive,11/21/17,2012/3/17,33.31,36.12,Aa,3,Ammophila,1,4,BMR,Round1,25-Aug,69.43
112,B11_Live_Bp,B_11,Live,Tray4,21,Alive,11/21/17,2012/3/17,4.92,7.73,Bp,11,Baccharis,1,15,BMR,Round1,24-Aug,12.65
113,B4_Ster_La,B_4,Sterile,Tray4,22,Alive,11/22/17,2012/3/17,75.96,182.27,La,4,Baccharis,1,22,BMR,Round1,25-Aug,258.23
114,B6_Live_Ce,B_6,Live,Tray4,23,Alive,11/22/17,2012/3/17,23.23,5.11,Ce,6,Baccharis,2,17,BMR,Round1,24-Aug,28.34
115,L31_Live_Aa,L_31,Live,Tray4,24,Alive,11/22/17,2012/3/17,50.47,37.35,Aa,31,Lupine,1,8,Sonoma,Round1,24-Aug,87.82
116,B17_Ster_La,B_17,Sterile,Tray4,25,Alive,11/22/17,2012/3/17,76.18,140.72,La,17,Baccharis,1,7,Sonoma,Round1,25-Aug,216.9
117,B6_Live_Aa,B_6,Live,Tray4,26,Alive,11/22/17,2012/3/17,36.81,22.65,Aa,6,Baccharis,2,17,BMR,Round1,24-Aug,59.46
118,I60_Ster_Bp,I_60,Sterile,Tray4,29,Alive,11/22/17,2012/3/17,8.56,15.81,Bp,60,IcePlant,2,25,Sonoma,Round1,25-Aug,24.37
119,I55_Live_Aa,I_55,Live,Tray4,30,Alive,11/22/17,2012/3/17,18.94,15.23,Aa,55,IcePlant,1,13,Sonoma,Round1,25-Aug,34.17
121,I60_Ster_La,I_60,Sterile,Tray4,32,Alive,11/22/17,2012/3/17,338.14,301.54,La,60,IcePlant,2,25,Sonoma,Round1,25-Aug,639.68
122,L31_Ster_Aa,L_31,Sterile,Tray4,33,Alive,11/22/17,2012/3/17,80.05,84.7,Aa,31,Lupine,1,8,Sonoma,Round1,25-Aug,164.75
123,L73_Ster_Aa,L_73,Sterile,Tray4,34,Alive,11/22/17,2012/3/17,25.38,29.42,Aa,73,Lupine,1,0.5,Sonoma,Round1,25-Aug,54.8
124,A23_Ster_Ce,A_23,Sterile,Tray4,35,Alive,11/22/17,2012/3/17,19.38,9.43,Ce,23,Ammophila,1,19,Sonoma,Round1,25-Aug,28.81
125,L33_Live_Aa,L_33,Live,Tray4,36,Alive,11/22/17,2012/3/17,52.11,23.79,Aa,33,Lupine,1,3,Sonoma,Round1,25-Aug,75.9
126,B13_Live_Ce,B_13,Live,Tray4,37,Alive,11/22/17,2012/3/17,15.72,5.61,Ce,13,Baccharis,1,4,BMR,Round1,24-Aug,21.33
127,L50_Ster_Bp,L_50,Sterile,Tray4,38,Alive,11/22/17,2012/3/17,17.36,34.08,Bp,50,Lupine,2,3,Sonoma,Round1,25-Aug,51.44
128,I60_Ster_Aa,I_60,Sterile,Tray4,39,Alive,11/22/17,2012/3/17,69.15,55.79,Aa,60,IcePlant,2,25,Sonoma,Round1,25-Aug,124.94
129,A14_Live_Bp,A_14,Live,Tray4,40,Alive,11/22/17,2012/3/17,8.81,16.02,Bp,14,Ammophila,2,14,BMR,Round1,24-Aug,24.83
130,I53_Ster_Aa,I_53,Sterile,Tray4,41,Alive,11/22/17,2012/3/17,84.05,90.13,Aa,53,IcePlant,1,5,Sonoma,Round1,25-Aug,174.18
131,B17_Live_Bp,B_17,Live,Tray4,42,Alive,11/22/17,2012/3/17,1.34,3.66,Bp,17,Baccharis,1,7,Sonoma,Round1,24-Aug,5
132,L35_Live_Bp,L_35,Live,Tray4,43,Alive,11/22/17,2012/3/17,14.29,24.75,Bp,35,Lupine,2,5,Sonoma,Round1,24-Aug,39.04
133,B11_Ster_Ce,B_11,Sterile,Tray4,44,Alive,11/22/17,2012/3/17,25.82,12.62,Ce,11,Baccharis,1,15,BMR,Round1,25-Aug,38.44
134,I4_Live_Bp,I_4,Live,Tray4,45,Alive,11/22/17,2012/3/17,3.82,7.8,Bp,4,IcePlant,1,20,BMR,Round1,25-Aug,11.62
135,I60_Live_La,I_60,Live,Tray4,46,Alive,11/22/17,2012/3/17,1109.33,1040.24,La,60,IcePlant,2,25,Sonoma,Round1,24-Aug,2149.57
136,B11_Live_Ce,B_11,Live,Tray4,47,Alive,11/22/17,2012/3/17,14.92,5.94,Ce,11,Baccharis,1,15,BMR,Round1,24-Aug,20.86
137,A31_Live_La,A_31,Live,Tray4,48,Alive,11/22/17,2012/3/17,781.4,731.14,La,31,Ammophila,1,0.5,BMR,Round1,24-Aug,1512.54
138,A13_Live_La,A_13,Live,Tray4,49,Alive,11/22/17,2012/3/17,1076.58,958.78,La,13,Ammophila,2,26,BMR,Round1,24-Aug,2035.36
139,L31_Live_La,L_31,Live,Tray2,1,Alive,11/22/17,2012/3/17,492.79,528.7,La,31,Lupine,1,8,Sonoma,Round1,24-Aug,1021.49
140,A23_Live_Bp,A_23,Live,Tray2,2,Alive,11/22/17,2012/3/17,2.46,3.47,Bp,23,Ammophila,1,19,Sonoma,Round1,24-Aug,5.93
141,A9_Live_La,A_9,Live,Tray2,3,Alive,11/22/17,2012/3/17,729.53,657.51,La,9,Ammophila,1,23,BMR,Round1,24-Aug,1387.04
143,B10_Ster_Bp,B_10,Sterile,Tray2,5,Alive,11/22/17,2012/3/17,5.03,10.79,Bp,10,Baccharis,2,6,BMR,Round1,25-Aug,15.82
146,L50_Ster_Ce,L_50,Sterile,Tray2,8,Alive,11/22/17,2012/3/17,35.2,15.75,Ce,50,Lupine,2,3,Sonoma,Round1,25-Aug,50.95
147,A19_Ster_Ce,A_19,Sterile,Tray2,9,Alive,11/22/17,2012/3/17,29.16,9.77,Ce,19,Ammophila,1,10,Sonoma,Round1,25-Aug,38.93
148,L35_Live_La,L_35,Live,Tray2,10,Alive,11/22/17,2012/3/17,655.57,827.58,La,35,Lupine,2,5,Sonoma,Round1,24-Aug,1483.15
149,L23_Live_Aa,L_23,Live,Tray2,11,Alive,11/22/17,2012/3/17,93.13,67.31,Aa,23,Lupine,1,7,Sonoma,Round1,24-Aug,160.44
150,B23_Ster_Ce,B_23,Sterile,Tray2,12,Alive,11/22/17,2012/3/17,19.61,5.5,Ce,23,Baccharis,1,8,Sonoma,Round1,25-Aug,25.11
151,A25_Ster_Bp,A_25,Sterile,Tray2,13,Alive,11/22/17,2012/3/17,9.58,19.73,Bp,25,Ammophila,1,6,Sonoma,Round1,25-Aug,29.31
152,B17_Live_Aa,B_17,Live,Tray2,14,Alive,11/22/17,2012/3/17,19.44,11.9,Aa,17,Baccharis,1,7,Sonoma,Round1,24-Aug,31.34
153,L50_Live_La,L_50,Live,Tray2,15,Alive,11/22/17,2012/4/17,537.91,506.18,La,50,Lupine,2,3,Sonoma,Round1,24-Aug,1044.09
154,B22_Live_Aa,B_22,Live,Tray2,16,Alive,11/22/17,2012/4/17,30.66,19.5,Aa,22,Baccharis,1,12,Sonoma,Round1,25-Aug,50.16
155,B22_Live_La,B_22,Live,Tray2,17,Alive,11/22/17,2012/4/17,382.54,364.27,La,22,Baccharis,1,12,Sonoma,Round1,25-Aug,746.81
156,I4_Ster_Ce,I_4,Sterile,Tray2,18,Alive,11/22/17,2012/4/17,27.05,5.81,Ce,4,IcePlant,1,20,BMR,Round1,25-Aug,32.86
157,I27_Ster_La,I_27,Sterile,Tray2,19,Alive,11/22/17,2012/4/17,252.35,355.26,La,27,IcePlant,1,18,Sonoma,Round1,25-Aug,607.61
158,A13_Live_Bp,A_13,Live,Tray2,21,Alive,11/22/17,2012/4/17,9.7,18.02,Bp,13,Ammophila,2,26,BMR,Round1,24-Aug,27.72
159,A31_Ster_Aa,A_31,Sterile,Tray2,22,Alive,11/22/17,2012/4/17,26.01,26.27,Aa,31,Ammophila,1,0.5,BMR,Round1,25-Aug,52.28
160,B13_Ster_Bp,B_13,Sterile,Tray2,23,Alive,11/22/17,2012/4/17,9.97,23.26,Bp,13,Baccharis,1,4,BMR,Round1,25-Aug,33.23
161,B5_Ster_Ce,B_5,Sterile,Tray2,24,Alive,11/22/17,2012/4/17,25.54,9.37,Ce,5,Baccharis,1,5,BMR,Round1,25-Aug,34.91
163,B8_Ster_La,B_8,Sterile,Tray2,26,Alive,11/22/17,2012/4/17,113.67,159.58,La,8,Baccharis,1,19,BMR,Round1,25-Aug,273.25
164,B4_Ster_Bp,B_4,Sterile,Tray2,27,Alive,11/22/17,2012/4/17,8.22,11.44,Bp,4,Baccharis,1,22,BMR,Round1,25-Aug,19.66
165,B17_Ster_Aa,B_17,Sterile,Tray2,28,Alive,11/22/17,2012/4/17,24.41,32.68,Aa,17,Baccharis,1,7,Sonoma,Round1,25-Aug,57.09
166,I53_Live_Aa,I_53,Live,Tray2,29,Alive,11/22/17,2012/4/17,51.8,35.04,Aa,53,IcePlant,1,5,Sonoma,Round1,24-Aug,86.84
167,B29_Live_Aa,B_29,Live,Tray2,30,Alive,11/22/17,2012/4/17,30.72,19.26,Aa,29,Baccharis,2,10,Sonoma,Round1,24-Aug,49.98
168,I28_Live_La,I_28,Live,Tray2,31,Alive,11/22/17,2012/4/17,982.58,870.98,La,28,IcePlant,2,11,Sonoma,Round1,24-Aug,1853.56
169,L35_Live_Ce,L_35,Live,Tray2,32,Alive,11/22/17,2012/4/17,42.62,17.41,Ce,35,Lupine,2,5,Sonoma,Round1,24-Aug,60.03
170,A13_Live_Ce,A_13,Live,Tray2,33,Alive,11/22/17,2012/4/17,33.84,9.84,Ce,13,Ammophila,2,26,BMR,Round1,24-Aug,43.68
171,I28_Live_Bp,I_28,Live,Tray2,34,Alive,11/22/17,2012/4/17,3.78,10.23,Bp,28,IcePlant,2,11,Sonoma,Round1,24-Aug,14.01
172,B5_Live_Bp,B_5,Live,Tray2,35,Alive,11/22/17,2012/4/17,0.88,1.2,Bp,5,Baccharis,1,5,BMR,Round1,24-Aug,2.08
173,B5_Ster_La,B_5,Sterile,Tray2,36,Alive,11/22/17,2012/4/17,63.46,105.41,La,5,Baccharis,1,5,BMR,Round1,25-Aug,168.87
174,A20_Live_Aa,A_20,Live,Tray2,37,Alive,11/22/17,2012/4/17,17.69,12.7,Aa,20,Ammophila,1,16,Sonoma,Round1,24-Aug,30.39
175,I64_Live_Bp,I_64,Live,Tray2,38,Alive,11/22/17,2012/4/17,6.94,17.11,Bp,64,IcePlant,1,0.5,BMR,Round1,24-Aug,24.05
176,L35_Live_Aa,L_35,Live,Tray2,39,Alive,11/22/17,2012/4/17,80.45,48.65,Aa,35,Lupine,2,5,Sonoma,Round1,24-Aug,129.1
177,B17_Live_Ce,B_17,Live,Tray2,40,Alive,11/22/17,2012/4/17,10.41,4.27,Ce,17,Baccharis,1,7,Sonoma,Round1,24-Aug,14.68
178,L35_Ster_La,L_35,Sterile,Tray2,41,Alive,11/22/17,2012/4/17,90.32,188.99,La,35,Lupine,2,5,Sonoma,Round1,25-Aug,279.31
179,A24_Ster_Bp,A_24,Sterile,Tray2,42,Alive,11/22/17,2012/4/17,9.16,19.29,Bp,24,Ammophila,1,18,Sonoma,Round1,25-Aug,28.45
180,B36_Live_Bp,B_36,Live,Tray2,43,Alive,11/22/17,2012/4/17,6.06,10.05,Bp,36,Baccharis,2,0.5,BMR,Round1,24-Aug,16.11
181,A23_Live_La,A_23,Live,Tray2,44,Alive,11/22/17,2012/4/17,212.79,383.97,La,23,Ammophila,1,19,Sonoma,Round1,24-Aug,596.76
182,A18_Ster_Ce,A_18,Sterile,Tray2,46,Alive,11/22/17,2012/4/17,28.43,11.44,Ce,18,Ammophila,1,26,Sonoma,Round1,25-Aug,39.87
183,I41_Ster_Aa,I_41,Sterile,Tray2,47,Alive,11/22/17,2012/4/17,69.43,63.78,Aa,41,IcePlant,2,8,Sonoma,Round1,25-Aug,133.21
184,L28_Ster_La,L_28,Sterile,Tray2,49,Alive,11/22/17,2012/4/17,66.72,81.98,La,28,Lupine,1,10,BMR,Round1,25-Aug,148.7
185,L1_Live_La,L_1,Live,Tray3,1,Alive,11/23/17,2012/4/17,455.06,534.27,La,1,Lupine,1,12,BMR,Round1,24-Aug,989.33
186,A14_Ster_La,A_14,Sterile,Tray3,2,Alive,11/23/17,2012/4/17,95.36,229.83,La,14,Ammophila,2,14,BMR,Round1,25-Aug,325.19
187,A25_Live_Ce,A_25,Live,Tray3,4,Alive,11/23/17,2012/4/17,29.83,8.91,Ce,25,Ammophila,1,6,Sonoma,Round1,24-Aug,38.74
188,L28_Live_Bp,L_28,Live,Tray3,5,Alive,11/23/17,2012/4/17,10.12,20.5,Bp,28,Lupine,1,10,BMR,Round1,24-Aug,30.62
189,I55_Live_La,I_55,Live,Tray3,6,Alive,11/23/17,2012/4/17,456.11,601.49,La,55,IcePlant,1,13,Sonoma,Round1,25-Aug,1057.6
190,B10_Live_Bp,B_10,Live,Tray3,7,Alive,11/23/17,2012/4/17,3.82,9.04,Bp,10,Baccharis,2,6,BMR,Round1,24-Aug,12.86
192,A32_Live_Aa,A_32,Live,Tray3,10,Alive,11/23/17,2012/4/17,19.46,14.43,Aa,32,Ammophila,2,0.5,Sonoma,Round1,24-Aug,33.89
193,B15_Ster_La,B_15,Sterile,Tray3,11,Alive,11/23/17,2012/4/17,76.97,123.8,La,15,Baccharis,2,26,BMR,Round1,25-Aug,200.77
194,L21_Live_Aa,L_21,Live,Tray3,13,Alive,11/23/17,2012/4/17,56.28,42.96,Aa,21,Lupine,1,7,Sonoma,Round1,24-Aug,99.24
195,I28_Live_Aa,I_28,Live,Tray3,14,Alive,11/23/17,2012/4/17,20.67,13.5,Aa,28,IcePlant,2,11,Sonoma,Round1,24-Aug,34.17
196,I42_Live_Bp,I_42,Live,Tray3,15,Alive,11/23/17,2012/4/17,1.06,2.85,Bp,42,IcePlant,2,23,Sonoma,Round1,24-Aug,3.91
197,L28_Ster_Ce,L_28,Sterile,Tray3,16,Alive,11/23/17,2012/4/17,41.43,10.84,Ce,28,Lupine,1,10,BMR,Round1,25-Aug,52.27
198,I42_Live_Aa,I_42,Live,Tray3,17,Alive,11/23/17,2012/4/17,15.03,9.53,Aa,42,IcePlant,2,23,Sonoma,Round1,24-Aug,24.56
199,I28_Live_Ce,I_28,Live,Tray3,18,Alive,11/23/17,2012/4/17,13.27,2.77,Ce,28,IcePlant,2,11,Sonoma,Round1,24-Aug,16.04
201,A20_Live_La,A_20,Live,Tray3,20,Alive,11/23/17,2012/4/17,669.64,679.06,La,20,Ammophila,1,16,Sonoma,Round1,24-Aug,1348.7
202,L21_Live_La,L_21,Live,Tray3,21,Alive,11/23/17,2012/4/17,675.87,617.04,La,21,Lupine,1,7,Sonoma,Round1,24-Aug,1292.91
203,L28_Live_Ce,L_28,Live,Tray3,23,Alive,11/23/17,2012/4/17,15.56,3.92,Ce,28,Lupine,1,10,BMR,Round1,24-Aug,19.48
204,L4_Live_La,L_4,Live,Tray3,24,Alive,11/23/17,2012/4/17,339.68,310.4,La,4,Lupine,1,9,BMR,Round1,25-Aug,650.08
205,I59_Live_La,I_59,Live,Tray3,25,Alive,11/23/17,2012/4/17,446.37,486.51,La,59,IcePlant,1,22,Sonoma,Round1,24-Aug,932.88
206,I64_Live_Aa,I_64,Live,Tray3,26,Alive,11/23/17,2012/4/17,16.32,13.19,Aa,64,IcePlant,1,0.5,BMR,Round1,24-Aug,29.51
207,B11_Live_La,B_11,Live,Tray3,30,Alive,11/23/17,2012/4/17,563.12,382.66,La,11,Baccharis,1,15,BMR,Round1,24-Aug,945.78
208,L33_Ster_Bp,L_33,Sterile,Tray3,31,Alive,11/23/17,2012/4/17,18.84,31.8,Bp,33,Lupine,1,3,Sonoma,Round1,25-Aug,50.64
209,B5_Live_La,B_5,Live,Tray3,33,Alive,11/23/17,2012/4/17,877.41,765.59,La,5,Baccharis,1,5,BMR,Round1,24-Aug,1643
210,A9_Live_Bp,A_9,Live,Tray3,34,Alive,11/23/17,2012/4/17,5.15,9.28,Bp,9,Ammophila,1,23,BMR,Round1,24-Aug,14.43
211,L3_Live_Bp,L_3,Live,Tray3,35,Alive,11/23/17,2012/4/17,8.88,14.57,Bp,3,Lupine,2,6,BMR,Round1,24-Aug,23.45
212,A24_Live_Bp,A_24,Live,Tray3,36,Alive,11/23/17,2012/4/17,7.42,13.36,Bp,24,Ammophila,1,18,Sonoma,Round1,24-Aug,20.78
213,B4_Live_La,B_4,Live,Tray3,37,Alive,11/23/17,2012/4/17,459.71,463.72,La,4,Baccharis,1,22,BMR,Round1,24-Aug,923.43
214,I59_Ster_Bp,I_59,Sterile,Tray3,38,Alive,11/23/17,2012/4/17,4.49,9.89,Bp,59,IcePlant,1,22,Sonoma,Round1,25-Aug,14.38
216,B10_Live_La,B_10,Live,Tray3,40,Alive,11/23/17,2012/4/17,1077.36,929.42,La,10,Baccharis,2,6,BMR,Round1,24-Aug,2006.78
218,B10_Live_Aa,B_10,Live,Tray3,42,Alive,11/23/17,2012/4/17,16.27,11.2,Aa,10,Baccharis,2,6,BMR,Round1,24-Aug,27.47
220,L33_Live_Ce,L_33,Live,Tray3,44,Alive,11/23/17,2012/4/17,14.96,8.57,Ce,33,Lupine,1,3,Sonoma,Round1,25-Aug,23.53
221,I59_Live_Aa,I_59,Live,Tray3,45,Alive,11/23/17,2012/4/17,19.43,15.84,Aa,59,IcePlant,1,22,Sonoma,Round1,24-Aug,35.27
222,I41_Live_Aa,I_41,Live,Tray3,46,Alive,11/23/17,2012/4/17,53.57,33.23,Aa,41,IcePlant,2,8,Sonoma,Round1,24-Aug,86.8
223,B15_Ster_Aa,B_15,Sterile,Tray3,47,Alive,11/23/17,2012/4/17,94.5,106.68,Aa,15,Baccharis,2,26,BMR,Round1,25-Aug,201.18
224,L33_Ster_La,L_33,Sterile,Tray3,48,Alive,11/23/17,2012/4/17,78.12,151.57,La,33,Lupine,1,3,Sonoma,Round1,25-Aug,229.69
225,L23_Live_La,L_23,Live,Tray3,49,Alive,11/23/17,2012/4/17,764.99,1026.85,La,23,Lupine,1,7,Sonoma,Round1,24-Aug,1791.84
226,A24_Ster_Ce,A_24,Sterile,Tray6,1,Alive,11/24/17,2012/4/17,18.03,7.92,Ce,24,Ammophila,1,18,Sonoma,Round1,25-Aug,25.95
227,A24_Ster_La,A_24,Sterile,Tray6,2,Alive,11/24/17,2012/4/17,87.1,140.6,La,24,Ammophila,1,18,Sonoma,Round1,25-Aug,227.7
228,A25_Ster_Aa,A_25,Sterile,Tray6,3,Alive,11/24/17,2012/4/17,31.58,37.72,Aa,25,Ammophila,1,6,Sonoma,Round1,25-Aug,69.3
229,L73_Live_Bp,L_73,Live,Tray6,4,Alive,11/24/17,2012/4/17,2.98,7.25,Bp,73,Lupine,1,0.5,Sonoma,Round1,24-Aug,10.23
230,L33_Live_La,L_33,Live,Tray6,5,Alive,11/24/17,2012/4/17,283.74,338.2,La,33,Lupine,1,3,Sonoma,Round1,25-Aug,621.94
231,B12_Live_Ce,B_12,Live,Tray6,6,Alive,11/24/17,2012/4/17,30.72,5.99,Ce,12,Baccharis,1,21,BMR,Round1,24-Aug,36.71
232,B22_Ster_Aa,B_22,Sterile,Tray6,7,Alive,11/24/17,2012/4/17,52.42,52.13,Aa,22,Baccharis,1,12,Sonoma,Round1,25-Aug,104.55
233,I53_Live_La,I_53,Live,Tray6,9,Alive,11/24/17,2012/4/17,898.56,640.88,La,53,IcePlant,1,5,Sonoma,Round1,24-Aug,1539.44
235,B4_Live_Ce,B_4,Live,Tray6,11,Alive,11/24/17,2012/4/17,15.45,3.61,Ce,4,Baccharis,1,22,BMR,Round1,24-Aug,19.06
236,I27_Live_La,I_27,Live,Tray6,12,Alive,11/24/17,2012/4/17,835.97,855.57,La,27,IcePlant,1,18,Sonoma,Round1,24-Aug,1691.54
237,B12_Ster_Bp,B_12,Sterile,Tray6,13,Alive,11/24/17,2012/4/17,8.9,19.79,Bp,12,Baccharis,1,21,BMR,Round1,25-Aug,28.69
238,B15_Ster_Bp,B_15,Sterile,Tray6,14,Alive,11/24/17,2012/4/17,26.39,60.86,Bp,15,Baccharis,2,26,BMR,Round1,25-Aug,87.25
239,L4_Live_Ce,L_4,Live,Tray6,15,Alive,11/24/17,2012/4/17,16.2,6.06,Ce,4,Lupine,1,9,BMR,Round1,25-Aug,22.26
240,B11_Live_Aa,B_11,Live,Tray6,16,Alive,11/24/17,2012/4/17,20.02,15.43,Aa,11,Baccharis,1,15,BMR,Round1,24-Aug,35.45
241,B12_Live_La,B_12,Live,Tray6,17,Alive,11/24/17,2012/4/17,850.05,833.81,La,12,Baccharis,1,21,BMR,Round1,24-Aug,1683.86
242,A31_Ster_Bp,A_31,Sterile,Tray6,18,Alive,11/24/17,2012/4/17,4.32,11.41,Bp,31,Ammophila,1,0.5,BMR,Round1,25-Aug,15.73
243,I59_Ster_La,I_59,Sterile,Tray6,19,Alive,11/24/17,2012/4/17,638.21,822.72,La,59,IcePlant,1,22,Sonoma,Round1,25-Aug,1460.93
244,I59_Ster_Aa,I_59,Sterile,Tray6,20,Alive,11/24/17,2012/4/17,21.71,26.84,Aa,59,IcePlant,1,22,Sonoma,Round1,25-Aug,48.55
246,L31_Live_Ce,L_31,Live,Tray6,22,Alive,11/24/17,2012/5/17,37.22,9.5,Ce,31,Lupine,1,8,Sonoma,Round1,24-Aug,46.72
247,I55_Live_Ce,I_55,Live,Tray6,23,Alive,11/24/17,2012/5/17,3.32,0.82,Ce,55,IcePlant,1,13,Sonoma,Round1,25-Aug,4.14
250,A24_Ster_Aa,A_24,Sterile,Tray6,26,Alive,11/24/17,2012/5/17,40.76,43.8,Aa,24,Ammophila,1,18,Sonoma,Round1,25-Aug,84.56
251,A9_Live_Ce,A_9,Live,Tray6,27,Alive,11/24/17,2012/5/17,24.62,8.89,Ce,9,Ammophila,1,23,BMR,Round1,24-Aug,33.51
253,B10_Live_Ce,B_10,Live,Tray6,29,Alive,11/24/17,2012/5/17,5.64,1.28,Ce,10,Baccharis,2,6,BMR,Round1,24-Aug,6.92
254,A25_Ster_Ce,A_25,Sterile,Tray6,30,Alive,11/24/17,2012/5/17,31.11,10.13,Ce,25,Ammophila,1,6,Sonoma,Round1,25-Aug,41.24
256,A31_Live_Bp,A_31,Live,Tray6,32,Alive,11/24/17,2012/5/17,4.58,11.57,Bp,31,Ammophila,1,0.5,BMR,Round1,24-Aug,16.15
257,I60_Live_Ce,I_60,Live,Tray6,33,Alive,11/24/17,2012/5/17,23.28,8.17,Ce,60,IcePlant,2,25,Sonoma,Round1,24-Aug,31.45
258,B23_Ster_Bp,B_23,Sterile,Tray6,34,Alive,11/24/17,2012/5/17,12.17,17.29,Bp,23,Baccharis,1,8,Sonoma,Round1,25-Aug,29.46
259,A20_Ster_La,A_20,Sterile,Tray6,35,Alive,11/24/17,2012/5/17,138.12,230.99,La,20,Ammophila,1,16,Sonoma,Round1,25-Aug,369.11
260,L1_Ster_La,L_1,Sterile,Tray6,36,Alive,11/24/17,2012/5/17,73.62,130.14,La,1,Lupine,1,12,BMR,Round1,25-Aug,203.76
261,B12_Live_Bp,B_12,Live,Tray6,37,Alive,11/24/17,2012/5/17,5.87,8.15,Bp,12,Baccharis,1,21,BMR,Round1,24-Aug,14.02
262,B12_Ster_La,B_12,Sterile,Tray6,38,Alive,11/24/17,2012/5/17,58.1,85.6,La,12,Baccharis,1,21,BMR,Round1,25-Aug,143.7
263,L73_Live_La,L_73,Live,Tray6,39,Alive,11/24/17,2012/5/17,569.85,691.66,La,73,Lupine,1,0.5,Sonoma,Round1,24-Aug,1261.51
264,B8_Ster_Bp,B_8,Sterile,Tray6,40,Alive,11/24/17,2012/5/17,10.04,22.34,Bp,8,Baccharis,1,19,BMR,Round1,25-Aug,32.38
265,B12_Ster_Aa,B_12,Sterile,Tray6,41,Alive,11/24/17,2012/5/17,44.96,37.19,Aa,12,Baccharis,1,21,BMR,Round1,25-Aug,82.15
266,I28_Ster_Bp,I_28,Sterile,Tray6,42,Alive,11/24/17,2012/5/17,8.74,16.54,Bp,28,IcePlant,2,11,Sonoma,Round1,25-Aug,25.28
269,B4_Live_Bp,B_4,Live,Tray6,45,Alive,11/24/17,2012/5/17,6.14,9.73,Bp,4,Baccharis,1,22,BMR,Round1,24-Aug,15.87
270,B13_Ster_Aa,B_13,Sterile,Tray6,46,Alive,11/24/17,2012/5/17,37.16,4.97,Aa,13,Baccharis,1,4,BMR,Round1,25-Aug,42.13
271,A18_Ster_Bp,A_18,Sterile,Tray6,47,Alive,11/24/17,2012/5/17,15.53,24.84,Bp,18,Ammophila,1,26,Sonoma,Round1,25-Aug,40.37
272,A20_Ster_Ce,A_20,Sterile,Tray6,48,Alive,11/24/17,2012/5/17,26.64,9.47,Ce,20,Ammophila,1,16,Sonoma,Round1,25-Aug,36.11
273,L8_Ster_La,L_8,Sterile,Tray6,49,Alive,11/24/17,2012/5/17,513.82,600.56,La,8,Lupine,1,4,BMR,Round1,25-Aug,1114.38
274,A19_Ster_La,A_19,Sterile,Tray7,1,Alive,11/25/17,2012/5/17,93.92,179.2,La,19,Ammophila,1,10,Sonoma,Round1,25-Aug,273.12
277,I53_Ster_La,I_53,Sterile,Tray7,7,Alive,11/25/17,2012/5/17,73.86,180.19,La,53,IcePlant,1,5,Sonoma,Round1,25-Aug,254.05
279,I4_Ster_Bp,I_4,Sterile,Tray7,9,Alive,11/25/17,2012/5/17,3.49,10.47,Bp,4,IcePlant,1,20,BMR,Round1,25-Aug,13.96
280,I60_Live_Aa,I_60,Live,Tray7,11,Alive,11/25/17,2012/5/17,43.44,23.88,Aa,60,IcePlant,2,25,Sonoma,Round1,24-Aug,67.32
281,I8_Ster_Bp,I_8,Sterile,Tray7,12,Alive,11/25/17,2012/5/17,1.64,2.99,Bp,8,IcePlant,1,12,BMR,Round1,25-Aug,4.63
282,A28_Ster_Bp,A_28,Sterile,Tray7,14,Alive,11/25/17,2012/5/17,2.35,3.57,Bp,28,Ammophila,1,7,Sonoma,Round1,25-Aug,5.92
283,L3_Ster_La,L_3,Sterile,Tray7,15,Alive,11/25/17,2012/5/17,131.23,216.72,La,3,Lupine,2,6,BMR,Round1,25-Aug,347.95
284,B36_Ster_Ce,B_36,Sterile,Tray7,16,Alive,11/25/17,2012/5/17,2.32,0.93,Ce,36,Baccharis,2,0.5,BMR,Round1,25-Aug,3.25
285,I8_Ster_Ce,I_8,Sterile,Tray7,17,Alive,11/25/17,2012/5/17,22.63,8.31,Ce,8,IcePlant,1,12,BMR,Round1,25-Aug,30.94
287,B36_Live_La,B_36,Live,Tray7,19,Alive,11/25/17,2012/5/17,956.15,877.4,La,36,Baccharis,2,0.5,BMR,Round1,24-Aug,1833.55
288,I23_Ster_Bp,I_23,Sterile,Tray7,20,Alive,11/25/17,2012/5/17,1.14,1.38,Bp,23,IcePlant,1,15,Sonoma,Round1,25-Aug,2.52
289,L8_Ster_Ce,L_8,Sterile,Tray7,21,Alive,11/25/17,2012/5/17,21.62,6.79,Ce,8,Lupine,1,4,BMR,Round1,25-Aug,28.41
291,I8_Ster_Aa,I_8,Sterile,Tray7,23,Alive,11/25/17,2012/5/17,35.5,36.12,Aa,8,IcePlant,1,12,BMR,Round1,25-Aug,71.62
292,B12_Live_Aa,B_12,Live,Tray7,24,Alive,11/25/17,2012/5/17,42.73,26.74,Aa,12,Baccharis,1,21,BMR,Round1,24-Aug,69.47
293,A19_Ster_Bp,A_19,Sterile,Tray7,25,Alive,11/25/17,2012/5/17,5.01,10.81,Bp,19,Ammophila,1,10,Sonoma,Round1,25-Aug,15.82
294,B29_Ster_La,B_29,Sterile,Tray7,26,Alive,11/25/17,2012/5/17,84.7,129.69,La,29,Baccharis,2,10,Sonoma,Round1,25-Aug,214.39
295,B4_Ster_Aa,B_4,Sterile,Tray7,27,Alive,11/25/17,2012/5/17,46.33,43.27,Aa,4,Baccharis,1,22,BMR,Round1,25-Aug,89.6
296,I64_Ster_Ce,I_64,Sterile,Tray7,28,Alive,11/25/17,2012/5/17,19.09,5.36,Ce,64,IcePlant,1,0.5,BMR,Round1,25-Aug,24.45
297,B15_Live_La,B_15,Live,Tray7,29,Alive,11/25/17,2012/5/17,948.36,906.7,La,15,Baccharis,2,26,BMR,Round1,24-Aug,1855.06
298,B12_Ster_Ce,B_12,Sterile,Tray7,30,Alive,11/25/17,2012/5/17,32.76,12.53,Ce,12,Baccharis,1,21,BMR,Round1,25-Aug,45.29
299,A14_Live_Aa,A_14,Live,Tray7,31,Alive,11/25/17,2012/5/17,34.28,18.26,Aa,14,Ammophila,2,14,BMR,Round1,24-Aug,52.54
300,A18_Ster_La,A_18,Sterile,Tray7,32,Alive,11/25/17,2012/5/17,92.94,215.69,La,18,Ammophila,1,26,Sonoma,Round1,25-Aug,308.63
302,A25_Live_Bp,A_25,Live,Tray7,35,Alive,11/25/17,2012/5/17,3.94,8.15,Bp,25,Ammophila,1,6,Sonoma,Round1,24-Aug,12.09
303,L23_Ster_La,L_23,Sterile,Tray7,36,Alive,11/25/17,2012/5/17,76.43,132.85,La,23,Lupine,1,7,Sonoma,Round1,25-Aug,209.28
304,B29_Ster_Aa,B_29,Sterile,Tray7,37,Alive,11/25/17,2012/5/17,69,65.9,Aa,29,Baccharis,2,10,Sonoma,Round1,25-Aug,134.9
305,A3_Ster_La,A_3,Sterile,Tray7,38,Alive,11/25/17,2012/5/17,59.98,146.2,La,3,Ammophila,1,4,BMR,Round1,25-Aug,206.18
306,B36_Ster_Bp,B_36,Sterile,Tray7,39,Alive,11/25/17,2012/5/17,8.19,20.6,Bp,36,Baccharis,2,0.5,BMR,Round1,25-Aug,28.79
307,I23_Ster_Aa,I_23,Sterile,Tray7,40,Alive,11/25/17,2012/5/17,18.89,17.73,Aa,23,IcePlant,1,15,Sonoma,Round1,25-Aug,36.62
308,I60_Ster_Ce,I_60,Sterile,Tray7,41,Alive,11/25/17,2012/5/17,37.7,11.6,Ce,60,IcePlant,2,25,Sonoma,Round1,25-Aug,49.3
309,I4_Ster_Aa,I_4,Sterile,Tray7,43,Alive,11/25/17,2012/5/17,36.15,33.2,Aa,4,IcePlant,1,20,BMR,Round1,25-Aug,69.35
310,A3_Ster_Bp,A_3,Sterile,Tray7,44,Alive,11/25/17,2012/5/17,2.46,2.39,Bp,3,Ammophila,1,4,BMR,Round1,25-Aug,4.85
311,L1_Live_Aa,L_1,Live,Tray7,45,Alive,11/25/17,2012/5/17,63.56,37.84,Aa,1,Lupine,1,12,BMR,Round1,24-Aug,101.4
312,B17_Ster_Bp,B_17,Sterile,Tray7,46,Alive,11/25/17,2012/5/17,2.41,3.61,Bp,17,Baccharis,1,7,Sonoma,Round1,25-Aug,6.02
313,B34_Ster_Ce,B_34,Sterile,Tray7,47,Alive,11/25/17,2012/5/17,12.9,8.32,Ce,34,Baccharis,1,0.5,Sonoma,Round1,25-Aug,21.22
314,I8_Live_La,I_8,Live,Tray7,48,Alive,11/25/17,2012/5/17,566.16,416.61,La,8,IcePlant,1,12,BMR,Round1,24-Aug,982.77
315,I64_Live_Ce,I_64,Live,Tray7,49,Alive,11/25/17,2012/5/17,11.23,4.25,Ce,64,IcePlant,1,0.5,BMR,Round1,24-Aug,15.48
316,A28_Live_Ce,A_28,Live,Tray8,1,Alive,11/26/17,2012/5/17,13.25,8.06,Ce,28,Ammophila,1,7,Sonoma,Round1,25-Aug,21.31
317,L73_Ster_La,L_73,Sterile,Tray8,2,Alive,11/26/17,2012/5/17,69.98,156.91,La,73,Lupine,1,0.5,Sonoma,Round1,25-Aug,226.89
318,B10_Ster_Aa,B_10,Sterile,Tray8,3,Alive,11/26/17,2012/5/17,42.1,35.74,Aa,10,Baccharis,2,6,BMR,Round1,25-Aug,77.84
319,L33_Ster_Ce,L_33,Sterile,Tray8,4,Alive,11/26/17,2012/5/17,27.41,12.64,Ce,33,Lupine,1,3,Sonoma,Round1,25-Aug,40.05
320,A28_Live_Aa,A_28,Live,Tray8,6,Alive,11/26/17,2012/5/17,22.13,14.52,Aa,28,Ammophila,1,7,Sonoma,Round1,25-Aug,36.65
321,I55_Ster_Bp,I_55,Sterile,Tray8,7,Alive,11/26/17,2012/5/17,2.51,5.79,Bp,55,IcePlant,1,13,Sonoma,Round1,25-Aug,8.3
322,I55_Live_Bp,I_55,Live,Tray8,8,Alive,11/26/17,2012/5/17,1.72,4.28,Bp,55,IcePlant,1,13,Sonoma,Round1,25-Aug,6
324,I55_Ster_Aa,I_55,Sterile,Tray8,10,Alive,11/26/17,2012/5/17,27.31,28.56,Aa,55,IcePlant,1,13,Sonoma,Round1,25-Aug,55.87
325,B22_Ster_Ce,B_22,Sterile,Tray8,12,Alive,11/26/17,2012/5/17,28.5,10.17,Ce,22,Baccharis,1,12,Sonoma,Round1,25-Aug,38.67
326,B8_Ster_Aa,B_8,Sterile,Tray8,13,Alive,11/26/17,2012/5/17,58.43,63.7,Aa,8,Baccharis,1,19,BMR,Round1,25-Aug,122.13
327,I23_Ster_La,I_23,Sterile,Tray8,14,Alive,11/26/17,2012/5/17,53.64,151.83,La,23,IcePlant,1,15,Sonoma,Round1,25-Aug,205.47
328,A28_Live_La,A_28,Live,Tray8,15,Alive,11/26/17,2012/5/17,57.2,157.47,La,28,Ammophila,1,7,Sonoma,Round1,25-Aug,214.67
329,B6_Live_Bp,B_6,Live,Tray8,16,Alive,11/26/17,2012/5/17,1.73,2.92,Bp,6,Baccharis,2,17,BMR,Round1,24-Aug,4.65
330,A29_Ster_Aa,A_29,Sterile,Tray8,17,Alive,11/26/17,2012/5/17,38.87,49.39,Aa,29,Ammophila,1,11,Sonoma,Round1,25-Aug,88.26
331,I42_Ster_Ce,I_42,Sterile,Tray8,18,Alive,11/26/17,2012/5/17,17.28,8.44,Ce,42,IcePlant,2,23,Sonoma,Round1,25-Aug,25.72
332,I4_Live_La,I_4,Live,Tray8,19,Alive,11/26/17,2012/5/17,1008.24,847.65,La,4,IcePlant,1,20,BMR,Round1,25-Aug,1855.89
333,L3_Live_La,L_3,Live,Tray8,20,Alive,11/26/17,2012/5/17,670.28,687.16,La,3,Lupine,2,6,BMR,Round1,24-Aug,1357.44
334,L8_Ster_Aa,L_8,Sterile,Tray8,21,Alive,11/26/17,2012/5/17,59.22,60.32,Aa,8,Lupine,1,4,BMR,Round1,25-Aug,119.54
335,B17_Ster_Ce,B_17,Sterile,Tray8,22,Alive,11/26/17,2012/5/17,8.25,3,Ce,17,Baccharis,1,7,Sonoma,Round1,25-Aug,11.25
336,I23_Live_Ce,I_23,Live,Tray8,23,Alive,11/26/17,2012/5/17,7.43,1.23,Ce,23,IcePlant,1,15,Sonoma,Round1,24-Aug,8.66
338,L73_Ster_Ce,L_73,Sterile,Tray8,25,Alive,11/26/17,2012/5/17,16.84,7.1,Ce,73,Lupine,1,0.5,Sonoma,Round1,25-Aug,23.94
339,I41_Ster_Ce,I_41,Sterile,Tray8,26,Alive,11/26/17,2012/5/17,15.94,3.28,Ce,41,IcePlant,2,8,Sonoma,Round1,25-Aug,19.22
341,B5_Ster_Bp,B_5,Sterile,Tray8,28,Alive,11/26/17,2012/5/17,8.59,19.67,Bp,5,Baccharis,1,5,BMR,Round1,25-Aug,28.26
342,I28_Ster_Ce,I_28,Sterile,Tray8,29,Alive,11/26/17,2012/5/17,28.78,6.54,Ce,28,IcePlant,2,11,Sonoma,Round1,25-Aug,35.32
343,A28_Ster_Aa,A_28,Sterile,Tray8,30,Alive,11/26/17,2012/5/17,29.87,25.42,Aa,28,Ammophila,1,7,Sonoma,Round1,25-Aug,55.29
344,B10_Ster_La,B_10,Sterile,Tray8,31,Alive,11/26/17,2012/5/17,60.48,121.06,La,10,Baccharis,2,6,BMR,Round1,25-Aug,181.54
345,I64_Ster_Bp,I_64,Sterile,Tray8,33,Alive,11/26/17,2012/5/17,2.76,8,Bp,64,IcePlant,1,0.5,BMR,Round1,25-Aug,10.76
346,B8_Ster_Ce,B_8,Sterile,Tray8,34,Alive,11/26/17,2012/5/17,27.41,10.1,Ce,8,Baccharis,1,19,BMR,Round1,25-Aug,37.51
347,A31_Ster_Ce,A_31,Sterile,Tray8,35,Alive,11/26/17,2012/5/17,14.05,7.23,Ce,31,Ammophila,1,0.5,BMR,Round1,25-Aug,21.28
348,I42_Ster_La,I_42,Sterile,Tray8,36,Alive,11/26/17,2012/5/17,72.21,190.88,La,42,IcePlant,2,23,Sonoma,Round1,25-Aug,263.09
349,A32_Ster_Ce,A_32,Sterile,Tray8,37,Alive,11/26/17,2012/5/17,11.02,5.17,Ce,32,Ammophila,2,0.5,Sonoma,Round1,25-Aug,16.19
350,B34_Ster_Bp,B_34,Sterile,Tray8,38,Alive,11/26/17,2012/5/17,7.73,9.7,Bp,34,Baccharis,1,0.5,Sonoma,Round1,25-Aug,17.43
353,L73_Ster_Bp,L_73,Sterile,Tray8,42,Alive,11/26/17,2012/5/17,3.63,6.5,Bp,73,Lupine,1,0.5,Sonoma,Round1,25-Aug,10.13
354,A13_Ster_Aa,A_13,Sterile,Tray8,43,Alive,11/26/17,2012/5/17,60.85,63.96,Aa,13,Ammophila,2,26,BMR,Round1,25-Aug,124.81
355,L50_Ster_La,L_50,Sterile,Tray8,44,Alive,11/26/17,2012/5/17,72.06,96.33,La,50,Lupine,2,3,Sonoma,Round1,25-Aug,168.39
356,A23_Ster_Bp,A_23,Sterile,Tray8,45,Alive,11/26/17,2012/5/17,1.78,1.42,Bp,23,Ammophila,1,19,Sonoma,Round1,25-Aug,3.2
357,I42_Live_Ce,I_42,Live,Tray8,46,Alive,11/26/17,2012/5/17,8.45,2.22,Ce,42,IcePlant,2,23,Sonoma,Round1,24-Aug,10.67
358,A14_Ster_Bp,A_14,Sterile,Tray8,47,Alive,11/26/17,2012/5/17,7.26,12.95,Bp,14,Ammophila,2,14,BMR,Round1,25-Aug,20.21
359,B5_Ster_Aa,B_5,Sterile,Tray8,48,Alive,11/26/17,2012/5/17,41.85,28.96,Aa,5,Baccharis,1,5,BMR,Round1,25-Aug,70.81
360,B8_Live_La,B_8,Live,Tray8,49,Alive,11/26/17,2012/5/17,773.79,795,La,8,Baccharis,1,19,BMR,Round1,24-Aug,1568.79
361,A32_Live_La,A_32,Live,Tray9,1,Alive,11/27/17,2012/5/17,43.25,87.04,La,32,Ammophila,2,0.5,Sonoma,Round1,24-Aug,130.29
362,B11_Ster_Aa,B_11,Sterile,Tray9,2,Alive,11/27/17,2012/5/17,48.66,45.31,Aa,11,Baccharis,1,15,BMR,Round1,25-Aug,93.97
363,L8_Live_Ce,L_8,Live,Tray9,3,Alive,11/27/17,2012/5/17,7.38,2.31,Ce,8,Lupine,1,4,BMR,Round1,24-Aug,9.69
364,B11_Ster_Bp,B_11,Sterile,Tray9,4,Alive,11/27/17,2012/5/17,2.95,6.19,Bp,11,Baccharis,1,15,BMR,Round1,25-Aug,9.14
365,L3_Live_Aa,L_3,Live,Tray9,5,Alive,11/27/17,2012/5/17,48.42,29.76,Aa,3,Lupine,2,6,BMR,Round1,24-Aug,78.18
366,A9_Ster_Aa,A_9,Sterile,Tray9,6,Alive,11/27/17,2012/5/17,78.29,78.56,Aa,9,Ammophila,1,23,BMR,Round1,25-Aug,156.85
367,L3_Ster_Bp,L_3,Sterile,Tray9,7,Alive,11/27/17,2012/5/17,19.59,36.76,Bp,3,Lupine,2,6,BMR,Round1,25-Aug,56.35
368,I64_Ster_La,I_64,Sterile,Tray9,8,Alive,11/27/17,2012/5/17,60.72,76.11,La,64,IcePlant,1,0.5,BMR,Round1,25-Aug,136.83
369,L23_Ster_Ce,L_23,Sterile,Tray9,9,Alive,11/27/17,2012/5/17,51.04,23.36,Ce,23,Lupine,1,7,Sonoma,Round1,25-Aug,74.4
370,L8_Live_Bp,L_8,Live,Tray9,10,Alive,11/27/17,2012/5/17,13.57,29.57,Bp,8,Lupine,1,4,BMR,Round1,24-Aug,43.14
371,I53_Ster_Ce,I_53,Sterile,Tray9,11,Alive,11/27/17,2012/5/17,35.57,10.84,Ce,53,IcePlant,1,5,Sonoma,Round1,25-Aug,46.41
372,B36_Ster_Aa,B_36,Sterile,Tray9,12,Alive,11/27/17,2012/5/17,46.82,43.9,Aa,36,Baccharis,2,0.5,BMR,Round1,25-Aug,90.72
373,I28_Ster_La,I_28,Sterile,Tray9,13,Alive,11/27/17,2012/5/17,103.44,147.93,La,28,IcePlant,2,11,Sonoma,Round1,25-Aug,251.37
374,A13_Live_Aa,A_13,Live,Tray9,14,Alive,11/27/17,2012/5/17,41.37,30.2,Aa,13,Ammophila,2,26,BMR,Round1,24-Aug,71.57
375,B6_Ster_La,B_6,Sterile,Tray9,15,Alive,11/27/17,2012/5/17,855,807.44,La,6,Baccharis,2,17,BMR,Round1,25-Aug,1662.44
376,L3_Ster_Aa,L_3,Sterile,Tray9,16,Alive,11/27/17,2012/5/17,43.77,57.39,Aa,3,Lupine,2,6,BMR,Round1,25-Aug,101.16
377,B4_Ster_Ce,B_4,Sterile,Tray9,17,Alive,11/27/17,2012/5/17,11.05,3.7,Ce,4,Baccharis,1,22,BMR,Round1,25-Aug,14.75
379,A29_Ster_La,A_29,Sterile,Tray9,19,Alive,11/27/17,2012/5/17,54.08,62.59,La,29,Ammophila,1,11,Sonoma,Round1,25-Aug,116.67
380,L23_Ster_Aa,L_23,Sterile,Tray9,20,Alive,11/27/17,2012/5/17,85.45,99.77,Aa,23,Lupine,1,7,Sonoma,Round1,25-Aug,185.22
381,A14_Live_Ce,A_14,Live,Tray9,22,Alive,11/27/17,2012/6/17,12.91,5.4,Ce,14,Ammophila,2,14,BMR,Round1,24-Aug,18.31
382,A23_Ster_La,A_23,Sterile,Tray9,23,Alive,11/27/17,2012/6/17,54.44,160.13,La,23,Ammophila,1,19,Sonoma,Round1,25-Aug,214.57
383,L3_Ster_Ce,L_3,Sterile,Tray9,24,Alive,11/27/17,2012/6/17,18.08,7,Ce,3,Lupine,2,6,BMR,Round1,25-Aug,25.08
384,L23_Ster_Bp,L_23,Sterile,Tray9,25,Alive,11/27/17,2012/6/17,33.5,50.52,Bp,23,Lupine,1,7,Sonoma,Round1,25-Aug,84.02
385,L1_Ster_Bp,L_1,Sterile,Tray9,26,Alive,11/27/17,2012/6/17,25.67,59.5,Bp,1,Lupine,1,12,BMR,Round1,25-Aug,85.17
386,I60_Live_Bp,I_60,Live,Tray9,27,Alive,11/27/17,2012/6/17,5.21,9.49,Bp,60,IcePlant,2,25,Sonoma,Round1,24-Aug,14.7
388,I4_Ster_La,I_4,Sterile,Tray9,30,Alive,11/27/17,2012/6/17,48.86,119.33,La,4,IcePlant,1,20,BMR,Round1,25-Aug,168.19
389,A23_Ster_Aa,A_23,Sterile,Tray9,31,Alive,11/27/17,2012/6/17,33.65,31.72,Aa,23,Ammophila,1,19,Sonoma,Round1,25-Aug,65.37
390,I59_Ster_Ce,I_59,Sterile,Tray9,32,Alive,11/27/17,2012/6/17,18.59,7.33,Ce,59,IcePlant,1,22,Sonoma,Round1,25-Aug,25.92
391,A14_Ster_Ce,A_14,Sterile,Tray9,33,Alive,11/27/17,2012/6/17,29.89,8.15,Ce,14,Ammophila,2,14,BMR,Round1,25-Aug,38.04
392,I42_Ster_Bp,I_42,Sterile,Tray9,34,Alive,11/27/17,2012/6/17,4.47,9.52,Bp,42,IcePlant,2,23,Sonoma,Round1,25-Aug,13.99
393,L73_Live_Aa,L_73,Live,Tray9,35,Alive,11/27/17,2012/6/17,28.88,21.32,Aa,73,Lupine,1,0.5,Sonoma,Round1,24-Aug,50.2
394,B13_Live_Aa,B_13,Live,Tray9,36,Alive,11/27/17,2012/6/17,39.28,32.07,Aa,13,Baccharis,1,4,BMR,Round1,24-Aug,71.35
395,A28_Ster_La,A_28,Sterile,Tray9,37,Alive,11/27/17,2012/6/17,106.81,171.16,La,28,Ammophila,1,7,Sonoma,Round1,25-Aug,277.97
396,L28_Live_La,L_28,Live,Tray9,38,Alive,11/27/17,2012/6/17,953.84,915.91,La,28,Lupine,1,10,BMR,Round1,24-Aug,1869.75
397,I53_Live_Ce,I_53,Live,Tray9,39,Alive,11/27/17,2012/6/17,16.64,4.74,Ce,53,IcePlant,1,5,Sonoma,Round1,24-Aug,21.38
398,L3_Live_Ce,L_3,Live,Tray9,40,Alive,11/27/17,2012/6/17,60.23,20.07,Ce,3,Lupine,2,6,BMR,Round1,24-Aug,80.3
399,L35_Ster_Bp,L_35,Sterile,Tray9,41,Alive,11/27/17,2012/6/17,27.86,44.63,Bp,35,Lupine,2,5,Sonoma,Round1,25-Aug,72.49
400,B8_Live_Bp,B_8,Live,Tray9,42,Alive,11/27/17,2012/6/17,3.41,8.86,Bp,8,Baccharis,1,19,BMR,Round1,24-Aug,12.27
403,L4_Live_Bp,L_4,Live,Tray9,45,Alive,11/27/17,2012/6/17,22.06,32.47,Bp,4,Lupine,1,9,BMR,Round1,25-Aug,54.53
404,I23_Live_Aa,I_23,Live,Tray9,46,Alive,11/27/17,2012/6/17,30.63,27.56,Aa,23,IcePlant,1,15,Sonoma,Round1,24-Aug,58.19
405,B34_Ster_Aa,B_34,Sterile,Tray9,47,Alive,11/27/17,2012/6/17,51.69,46.41,Aa,34,Baccharis,1,0.5,Sonoma,Round1,25-Aug,98.1
406,A32_Ster_La,A_32,Sterile,Tray9,48,Alive,11/27/17,2012/6/17,70.54,150.46,La,32,Ammophila,2,0.5,Sonoma,Round1,25-Aug,221
407,B29_Live_Bp,B_29,Live,Tray9,49,Alive,11/27/17,2012/6/17,1.32,1.33,Bp,29,Baccharis,2,10,Sonoma,Round1,24-Aug,2.65
408,B36_Live_Ce,B_36,Live,Tray10,1,Alive,11/27/17,2012/6/17,17.73,6.15,Ce,36,Baccharis,2,0.5,BMR,Round1,24-Aug,23.88
409,B8_Live_Ce,B_8,Live,Tray10,2,Alive,11/27/17,2012/6/17,5.11,0.92,Ce,8,Baccharis,1,19,BMR,Round1,24-Aug,6.03
410,I8_Ster_La,I_8,Sterile,Tray10,3,Alive,11/27/17,2012/6/17,66.75,123.21,La,8,IcePlant,1,12,BMR,Round1,25-Aug,189.96
411,B34_Live_Aa,B_34,Live,Tray10,6,Alive,11/27/17,2012/6/17,29.9,19.87,Aa,34,Baccharis,1,0.5,Sonoma,Round1,24-Aug,49.77
412,L50_Live_Ce,L_50,Live,Tray10,7,Alive,11/27/17,2012/6/17,55.2,17.24,Ce,50,Lupine,2,3,Sonoma,Round1,24-Aug,72.44
413,L50_Live_Bp,L_50,Live,Tray10,8,Alive,11/27/17,2012/6/17,24.57,47.69,Bp,50,Lupine,2,3,Sonoma,Round1,24-Aug,72.26
414,B34_Live_Ce,B_34,Live,Tray10,9,Alive,11/27/17,2012/6/17,17.62,7.38,Ce,34,Baccharis,1,0.5,Sonoma,Round1,24-Aug,25
415,L50_Live_Aa,L_50,Live,Tray10,11,Alive,11/27/17,2012/6/17,64.66,52.8,Aa,50,Lupine,2,3,Sonoma,Round1,24-Aug,117.46
416,I27_Live_Ce,I_27,Live,Tray10,12,Alive,11/27/17,2012/6/17,3.88,0.99,Ce,27,IcePlant,1,18,Sonoma,Round1,24-Aug,4.87
417,I27_Live_Aa,I_27,Live,Tray10,13,Alive,11/27/17,2012/6/17,43.17,29.1,Aa,27,IcePlant,1,18,Sonoma,Round1,24-Aug,72.27
418,B13_Live_La,B_13,Live,Tray10,14,Alive,11/27/17,2012/6/17,983.27,835.39,La,13,Baccharis,1,4,BMR,Round1,24-Aug,1818.66
419,B6_Ster_Aa,B_6,Sterile,Tray10,15,Alive,11/28/17,2012/6/17,48.27,53.7,Aa,6,Baccharis,2,17,BMR,Round1,25-Aug,101.97
420,A20_Ster_Aa,A_20,Sterile,Tray10,16,Alive,11/28/17,2012/6/17,33.54,27.19,Aa,20,Ammophila,1,16,Sonoma,Round1,25-Aug,60.73
421,I59_Live_Ce,I_59,Live,Tray10,17,Alive,11/28/17,2012/6/17,4,0.92,Ce,59,IcePlant,1,22,Sonoma,Round1,24-Aug,4.92
422,I64_Live_La,I_64,Live,Tray10,18,Alive,11/28/17,2012/6/17,176.15,223.62,La,64,IcePlant,1,0.5,BMR,Round1,24-Aug,399.77
423,B23_Live_Bp,B_23,Live,Tray10,19,Alive,11/28/17,2012/6/17,2.38,7.76,Bp,23,Baccharis,1,8,Sonoma,Round1,24-Aug,10.14
424,A24_Live_Aa,A_24,Live,Tray10,20,Alive,11/28/17,2012/6/17,40.75,37.99,Aa,24,Ammophila,1,18,Sonoma,Round1,24-Aug,78.74
425,A24_Live_La,A_24,Live,Tray10,21,Alive,11/28/17,2012/6/17,1135.28,1312.54,La,24,Ammophila,1,18,Sonoma,Round1,24-Aug,2447.82
426,L23_Live_Ce,L_23,Live,Tray10,22,Alive,11/28/17,2012/6/17,14.96,4.05,Ce,23,Lupine,1,7,Sonoma,Round1,24-Aug,19.01
427,I59_Live_Bp,I_59,Live,Tray10,23,Alive,11/28/17,2012/6/17,0.96,0.45,Bp,59,IcePlant,1,22,Sonoma,Round1,24-Aug,1.41
428,I27_Live_Bp,I_27,Live,Tray10,24,Alive,11/28/17,2012/6/17,3.95,8.03,Bp,27,IcePlant,1,18,Sonoma,Round1,24-Aug,11.98
430,B15_Live_Bp,B_15,Live,Tray10,26,Alive,11/28/17,2012/6/17,11.99,11.9,Bp,15,Baccharis,2,26,BMR,Round1,24-Aug,23.89
431,B34_Live_Bp,B_34,Live,Tray10,28,Alive,11/28/17,2012/6/17,10.63,24.05,Bp,34,Baccharis,1,0.5,Sonoma,Round1,24-Aug,34.68
432,L28_Live_Aa,L_28,Live,Tray10,29,Alive,11/28/17,2012/6/17,40.94,31.1,Aa,28,Lupine,1,10,BMR,Round1,24-Aug,72.04
433,B15_Live_Ce,B_15,Live,Tray10,30,Alive,11/28/17,2012/6/17,28.41,7.66,Ce,15,Baccharis,2,26,BMR,Round1,24-Aug,36.07
434,B34_Live_La,B_34,Live,Tray10,31,Alive,11/28/17,2012/6/17,850.43,545.1,La,34,Baccharis,1,0.5,Sonoma,Round1,24-Aug,1395.53
435,L1_Live_Bp,L_1,Live,Tray10,32,Alive,11/28/17,2012/6/17,17.24,27.87,Bp,1,Lupine,1,12,BMR,Round1,24-Aug,45.11
436,A18_Live_La,A_18,Live,Tray10,33,Alive,11/28/17,2012/6/17,70.27,76.31,La,18,Ammophila,1,26,Sonoma,Round1,24-Aug,146.58
437,I8_Live_Aa,I_8,Live,Tray10,34,Alive,11/28/17,2012/6/17,37.21,29.54,Aa,8,IcePlant,1,12,BMR,Round1,24-Aug,66.75
438,B23_Live_Aa,B_23,Live,Tray10,35,Alive,11/28/17,2012/6/17,16.81,8.41,Aa,23,Baccharis,1,8,Sonoma,Round1,24-Aug,25.22
439,B15_Ster_Ce,B_15,Sterile,Tray10,36,Alive,11/28/17,2012/6/17,39.57,12.72,Ce,15,Baccharis,2,26,BMR,Round1,25-Aug,52.29
440,L1_Live_Ce,L_1,Live,Tray10,37,Alive,11/28/17,2012/6/17,28.05,8.77,Ce,1,Lupine,1,12,BMR,Round1,24-Aug,36.82
441,L23_Live_Bp,L_23,Live,Tray10,38,Alive,11/28/17,2012/6/17,18.64,40.44,Bp,23,Lupine,1,7,Sonoma,Round1,24-Aug,59.08
442,A29_Live_Bp,A_29,Live,Tray10,39,Alive,11/28/17,2012/6/17,3.23,4.91,Bp,29,Ammophila,1,11,Sonoma,Round1,24-Aug,8.14
443,A19_Live_Aa,A_19,Live,Tray10,40,Alive,11/28/17,2012/6/17,23.96,18.81,Aa,19,Ammophila,1,10,Sonoma,Round1,24-Aug,42.77
444,I42_Live_La,I_42,Live,Tray10,41,Alive,11/28/17,2012/6/17,978.35,933.2,La,42,IcePlant,2,23,Sonoma,Round1,24-Aug,1911.55
445,B5_Live_Ce,B_5,Live,Tray10,43,Alive,11/28/17,2012/6/17,4.25,1.18,Ce,5,Baccharis,1,5,BMR,Round1,24-Aug,5.43
446,B23_Live_La,B_23,Live,Tray10,44,Alive,11/28/17,2012/6/17,790.44,967.86,La,23,Baccharis,1,8,Sonoma,Round1,24-Aug,1758.3
447,L8_Ster_Bp,L_8,Sterile,Tray10,45,Alive,11/28/17,2012/6/17,16.71,34.35,Bp,8,Lupine,1,4,BMR,Round1,25-Aug,51.06
448,I41_Live_Ce,I_41,Live,Tray10,46,Alive,11/28/17,2012/6/17,22.01,6.9,Ce,41,IcePlant,2,8,Sonoma,Round1,24-Aug,28.91
449,B36_Live_Aa,B_36,Live,Tray10,47,Alive,11/28/17,2012/6/17,38,28.88,Aa,36,Baccharis,2,0.5,BMR,Round1,24-Aug,66.88
450,A20_Live_Ce,A_20,Live,Tray10,48,Alive,11/28/17,2012/6/17,7.81,2.75,Ce,20,Ammophila,1,16,Sonoma,Round1,24-Aug,10.56
451,A19_Live_La,A_19,Live,Tray10,49,Alive,11/28/17,2012/6/17,147.99,175.91,La,19,Ammophila,1,10,Sonoma,Round1,24-Aug,323.9
452,B13_Ster_Ce,B_13,Sterile,Tray11,1,Alive,11/20/17,2012/1/17,8.3,2.35,Ce,13,Baccharis,1,4,BMR,Round1,25-Aug,10.65
453,A18_Live_Ce,A_18,Live,Tray11,2,Alive,11/20/17,2012/1/17,16.82,3.09,Ce,18,Ammophila,1,26,Sonoma,Round1,24-Aug,19.91
454,A29_Live_Ce,A_29,Live,Tray11,4,Alive,11/20/17,2012/1/17,8.15,1.69,Ce,29,Ammophila,1,11,Sonoma,Round1,24-Aug,9.84
455,A29_Live_La,A_29,Live,Tray11,5,Alive,11/20/17,2012/1/17,451.74,416.3,La,29,Ammophila,1,11,Sonoma,Round1,24-Aug,868.04
456,B5_Live_Aa,B_5,Live,Tray11,6,Alive,11/20/17,2012/1/17,18.6,11.5,Aa,5,Baccharis,1,5,BMR,Round1,24-Aug,30.1
457,B4_Live_Aa,B_4,Live,Tray11,7,Alive,11/20/17,2012/1/17,23.54,18.25,Aa,4,Baccharis,1,22,BMR,Round1,24-Aug,41.79
458,A23_Live_Aa,A_23,Live,Tray11,8,Alive,11/20/17,2012/1/17,23.46,13.33,Aa,23,Ammophila,1,19,Sonoma,Round1,24-Aug,36.79
459,I41_Ster_Bp,I_41,Sterile,Tray11,9,Alive,11/20/17,2012/1/17,23.8,33.1,Bp,41,IcePlant,2,8,Sonoma,Round1,25-Aug,56.9
460,B23_Ster_La,B_23,Sterile,Tray11,10,Alive,11/20/17,2012/1/17,59.15,149.03,La,23,Baccharis,1,8,Sonoma,Round1,25-Aug,208.18
461,L73_Live_Ce,L_73,Live,Tray11,11,Alive,11/20/17,2012/1/17,13.14,3.81,Ce,73,Lupine,1,0.5,Sonoma,Round1,24-Aug,16.95
462,A20_Ster_Bp,A_20,Sterile,Tray11,12,Alive,11/20/17,2012/1/17,12.18,17.55,Bp,20,Ammophila,1,16,Sonoma,Round1,25-Aug,29.73
463,A18_Ster_Aa,A_18,Sterile,Tray11,13,Alive,11/20/17,2012/1/17,37.11,35.97,Aa,18,Ammophila,1,26,Sonoma,Round1,25-Aug,73.08
464,B22_Ster_La,B_22,Sterile,Tray11,14,Alive,11/20/17,2012/1/17,68.71,91.89,La,22,Baccharis,1,12,Sonoma,Round1,25-Aug,160.6
467,I49_Live_La,I_49,Live,Tray12,3,Alive,2001/10/18,1/24/18,624.33,567.47,La,49,IcePlant,2,16,Sonoma,Round2,5-Oct,1191.8
468,A1_Ster_Aa,A_1,Sterile,Tray12,4,Alive,2001/10/18,1/24/18,40.68,46.1,Aa,1,Ammophila,1,20,BMR,Round2,5-Oct,86.78
471,I44_Live_Aa,I_44,Live,Tray12,7,Alive,2001/10/18,1/24/18,21.05,14.88,Aa,44,IcePlant,1,15,BMR,Round2,5-Oct,35.93
473,A1_Ster_Ce,A_1,Sterile,Tray12,9,Alive,2001/10/18,1/24/18,29.86,13.55,Ce,1,Ammophila,1,20,BMR,Round2,5-Oct,43.41
475,I44_Live_La,I_44,Live,Tray12,11,Alive,2001/10/18,1/24/18,725.78,521.11,La,44,IcePlant,1,15,BMR,Round2,5-Oct,1246.89
476,I49_Live_Ce,I_49,Live,Tray12,12,Alive,2001/10/18,1/24/18,19.36,5.24,Ce,49,IcePlant,2,16,Sonoma,Round2,5-Oct,24.6
477,A1_Ster_La,A_1,Sterile,Tray12,13,Alive,2001/10/18,1/24/18,144.3,205.27,La,1,Ammophila,1,20,BMR,Round2,5-Oct,349.57
479,I44_Live_Ce,I_44,Live,Tray12,15,Alive,2001/10/18,1/24/18,1.16,1.74,Ce,44,IcePlant,1,15,BMR,Round2,5-Oct,2.9
480,I49_Live_Aa,I_49,Live,Tray12,16,Alive,2001/10/18,1/24/18,35.53,31.1,Aa,49,IcePlant,2,16,Sonoma,Round2,5-Oct,66.63
481,I36_Ster_Ce,I_36,Sterile,Tray12,17,Alive,2001/10/18,1/24/18,35.37,11.72,Ce,36,IcePlant,1,27,Sonoma,Round2,5-Oct,47.09
482,I36_Ster_Aa,I_36,Sterile,Tray12,18,Alive,2001/10/18,1/24/18,67.76,84.01,Aa,36,IcePlant,1,27,Sonoma,Round2,5-Oct,151.77
484,I36_Ster_La,I_36,Sterile,Tray12,20,Alive,2001/10/18,1/24/18,90.41,147.02,La,36,IcePlant,1,27,Sonoma,Round2,5-Oct,237.43
485,A10_Live_La,A_10,Live,Tray12,21,Alive,2001/10/18,1/24/18,209.72,233.91,La,10,Ammophila,1,12,BMR,Round2,5-Oct,443.63
486,A10_Live_Ce,A_10,Live,Tray12,22,Alive,2001/10/18,1/24/18,14.58,3.79,Ce,10,Ammophila,1,12,BMR,Round2,5-Oct,18.37
487,A10_Live_Aa,A_10,Live,Tray12,23,Alive,2001/10/18,1/24/18,18.73,13.81,Aa,10,Ammophila,1,12,BMR,Round2,5-Oct,32.54
489,B30_Live_Ce,B_30,Live,Tray12,29,Alive,2001/10/18,1/24/18,7.85,1.74,Ce,30,Baccharis,1,21,Sonoma,Round2,5-Oct,9.59
491,B30_Live_Aa,B_30,Live,Tray12,31,Alive,2001/10/18,1/24/18,29.15,22.28,Aa,30,Baccharis,1,21,Sonoma,Round2,5-Oct,51.43
492,B30_Live_La,B_30,Live,Tray12,32,Alive,2001/10/18,1/24/18,635.81,426.07,La,30,Baccharis,1,21,Sonoma,Round2,5-Oct,1061.88
493,I36_Live_Ce,I_36,Live,Tray12,33,Alive,2001/10/18,1/24/18,10.32,3.1,Ce,36,IcePlant,1,27,Sonoma,Round2,5-Oct,13.42
494,I36_Live_La,I_36,Live,Tray12,34,Alive,2001/10/18,1/24/18,1436.33,850.9,La,36,IcePlant,1,27,Sonoma,Round2,5-Oct,2287.23
495,I36_Live_Aa,I_36,Live,Tray12,35,Alive,2001/10/18,1/24/18,30.44,18.41,Aa,36,IcePlant,1,27,Sonoma,Round2,5-Oct,48.85
501,A1_Live_La,A_1,Live,Tray12,41,Alive,2001/10/18,1/24/18,193.74,196.44,La,1,Ammophila,1,20,BMR,Round2,5-Oct,390.18
502,A10_Ster_Ce,A_10,Sterile,Tray12,42,Alive,2001/10/18,1/24/18,10.54,9.08,Ce,10,Ammophila,1,12,BMR,Round2,5-Oct,19.62
503,I44_Ster_Aa,I_44,Sterile,Tray12,43,Alive,2001/10/18,1/24/18,40.63,36.78,Aa,44,IcePlant,1,15,BMR,Round2,5-Oct,77.41
505,I44_Ster_La,I_44,Sterile,Tray12,45,Alive,2001/10/18,1/24/18,62.97,70.72,La,44,IcePlant,1,15,BMR,Round2,5-Oct,133.69
506,I49_Ster_Ce,I_49,Sterile,Tray12,46,Alive,2001/10/18,1/24/18,21.48,6.96,Ce,49,IcePlant,2,16,Sonoma,Round2,5-Oct,28.44
507,I44_Ster_Ce,I_44,Sterile,Tray12,47,Alive,2001/10/18,1/24/18,18.82,5.74,Ce,44,IcePlant,1,15,BMR,Round2,5-Oct,24.56
508,A1_Live_Aa,A_1,Live,Tray12,48,Alive,2001/10/18,1/24/18,21.08,10.85,Aa,1,Ammophila,1,20,BMR,Round2,5-Oct,31.93
512,I6_Live_Aa,I_6,Live,Tray13,3,Alive,2001/11/18,1/24/18,28.17,18.75,Aa,6,IcePlant,1,22,BMR,Round2,6-Oct,46.92
513,B16_Ster_Aa,B_16,Sterile,Tray13,4,Alive,2001/11/18,1/24/18,50.46,52.87,Aa,16,Baccharis,1,19,Sonoma,Round2,5-Oct,103.33
514,A4_Live_La,A_4,Live,Tray13,5,Alive,2001/11/18,1/24/18,105.57,141.1,La,4,Ammophila,1,12,BMR,Round2,5-Oct,246.67
515,I6_Live_Ce,I_6,Live,Tray13,6,Alive,2001/11/18,1/24/18,5.45,2.22,Ce,6,IcePlant,1,22,BMR,Round2,6-Oct,7.67
516,L13_Live_La,L_13,Live,Tray13,7,Alive,2001/11/18,1/24/18,994.03,837.06,La,13,Lupine,2,13,Sonoma,Round2,6-Oct,1831.09
521,L16_Ster_Aa,L_16,Sterile,Tray13,12,Alive,2001/11/18,1/24/18,75.87,105.58,Aa,16,Lupine,1,10,Sonoma,Round2,7-Oct,181.45
522,I21_Ster_La,I_21,Sterile,Tray13,13,Alive,2001/11/18,1/24/18,114.41,164.65,La,21,IcePlant,1,21,BMR,Round2,7-Oct,279.06
524,A26_Live_La,A_26,Live,Tray13,15,Alive,2001/11/18,1/24/18,492.31,454.46,La,26,Ammophila,2,26,Sonoma,Round2,7-Oct,946.77
526,L74_Ster_Ce,L_74,Sterile,Tray13,17,Alive,2001/11/18,1/24/18,41.53,6.37,Ce,74,Lupine,2,0.5,Sonoma,Round2,7-Oct,47.9
528,B1_Ster_Aa,B_1,Sterile,Tray13,19,Alive,2001/11/18,1/24/18,43.43,54.48,Aa,1,Baccharis,1,16,BMR,Round2,7-Oct,97.91
529,L10_Live_Ce,L_10,Live,Tray13,20,Alive,2001/11/18,1/24/18,24.5,7.87,Ce,10,Lupine,1,7,BMR,Round2,7-Oct,32.37
530,L74_Ster_La,L_74,Sterile,Tray13,21,Alive,2001/11/18,1/24/18,106.57,192.13,La,74,Lupine,2,0.5,Sonoma,Round2,7-Oct,298.7
531,B20_Ster_Aa,B_20,Sterile,Tray13,22,Alive,2001/11/18,1/24/18,42.77,44.74,Aa,20,Baccharis,1,6,Sonoma,Round2,5-Oct,87.51
534,I20_Ster_Aa,I_20,Sterile,Tray13,25,Alive,2001/11/18,1/24/18,48.19,44.05,Aa,20,IcePlant,2,19,BMR,Round2,7-Oct,92.24
536,B1_Live_Aa,B_1,Live,Tray13,27,Alive,2001/11/18,1/24/18,32.24,27.41,Aa,1,Baccharis,1,16,BMR,Round2,5-Oct,59.65
537,B16_Live_Ce,B_16,Live,Tray13,28,Alive,2001/11/18,1/24/18,7.81,2.5,Ce,16,Baccharis,1,19,Sonoma,Round2,5-Oct,10.31
538,L16_Live_La,L_16,Live,Tray13,29,Alive,2001/11/18,1/24/18,662.34,556.99,La,16,Lupine,1,10,Sonoma,Round2,7-Oct,1219.33
539,B20_Live_La,B_20,Live,Tray13,30,Alive,2001/11/18,1/24/18,368.37,250.06,La,20,Baccharis,1,6,Sonoma,Round2,5-Oct,618.43
540,B20_Ster_Ce,B_20,Sterile,Tray13,31,Alive,2001/11/18,1/24/18,16.94,6.98,Ce,20,Baccharis,1,6,Sonoma,Round2,5-Oct,23.92
541,L16_Live_Ce,L_16,Live,Tray13,32,Alive,2001/11/18,1/24/18,29.71,16.27,Ce,16,Lupine,1,10,Sonoma,Round2,7-Oct,45.98
542,I21_Ster_Aa,I_21,Sterile,Tray13,33,Alive,2001/11/18,1/24/18,45.24,48.13,Aa,21,IcePlant,1,21,BMR,Round2,7-Oct,93.37
543,A30_Live_Ce,A_30,Live,Tray13,34,Alive,2001/11/18,1/24/18,12.34,6.19,Ce,30,Ammophila,2,21,Sonoma,Round2,7-Oct,18.53
544,A17_Ster_Aa,A_17,Sterile,Tray13,35,Alive,2001/11/18,1/24/18,79.38,85.03,Aa,17,Ammophila,1,26,Sonoma,Round2,6-Oct,164.41
545,A4_Live_Ce,A_4,Live,Tray13,36,Alive,2001/11/18,1/24/18,13.25,2.17,Ce,4,Ammophila,1,12,BMR,Round2,5-Oct,15.42
546,I6_Live_La,I_6,Live,Tray13,37,Alive,2001/11/18,1/24/18,1033.72,660.78,La,6,IcePlant,1,22,BMR,Round2,6-Oct,1694.5
547,L13_Live_Ce,L_13,Live,Tray13,38,Alive,2001/11/18,1/24/18,36.4,9.68,Ce,13,Lupine,2,13,Sonoma,Round2,6-Oct,46.08
551,I49_Ster_Aa,I_49,Sterile,Tray13,42,Alive,2001/11/18,1/24/18,55.19,66.37,Aa,49,IcePlant,2,16,Sonoma,Round2,5-Oct,121.56
552,A10_Ster_Aa,A_10,Sterile,Tray13,43,Alive,2001/11/18,1/24/18,46.54,58.66,Aa,10,Ammophila,1,12,BMR,Round2,5-Oct,105.2
553,A1_Live_Ce,A_1,Live,Tray13,44,Alive,2001/11/18,1/24/18,8.69,8.36,Ce,1,Ammophila,1,20,BMR,Round2,5-Oct,17.05
554,B30_Ster_Ce,B_30,Sterile,Tray13,45,Alive,2001/11/18,1/24/18,19.05,3.52,Ce,30,Baccharis,1,21,Sonoma,Round2,5-Oct,22.57
555,B30_Ster_Aa,B_30,Sterile,Tray13,46,Alive,2001/11/18,1/24/18,48.16,55.04,Aa,30,Baccharis,1,21,Sonoma,Round2,5-Oct,103.2
556,I49_Ster_La,I_49,Sterile,Tray13,47,Alive,2001/11/18,1/24/18,63.81,104.11,La,49,IcePlant,2,16,Sonoma,Round2,5-Oct,167.92
557,A10_Ster_La,A_10,Sterile,Tray13,48,Alive,2001/11/18,1/24/18,76.04,147.14,La,10,Ammophila,1,12,BMR,Round2,5-Oct,223.18
558,B30_Ster_La,B_30,Sterile,Tray13,49,Alive,2001/11/18,1/24/18,128.67,153.91,La,30,Baccharis,1,21,Sonoma,Round2,5-Oct,282.58
559,L40_Live_Ce,L_40,Live,Tray14,1,Alive,1/14/18,1/25/18,10.24,3.25,Ce,40,Lupine,1,4,Sonoma,Round2,5-Oct,13.49
560,A5_Live_Ce,A_5,Live,Tray14,2,Alive,1/14/18,1/25/18,19.33,7.91,Ce,5,Ammophila,1,15,BMR,Round2,6-Oct,27.24
563,B21_Live_La,B_21,Live,Tray14,5,Alive,1/14/18,1/25/18,420.51,344.78,La,21,Baccharis,1,4,Sonoma,Round2,5-Oct,765.29
564,A17_Live_La,A_17,Live,Tray14,6,Alive,1/14/18,1/25/18,523.99,456.15,La,17,Ammophila,1,26,Sonoma,Round2,6-Oct,980.14
565,L47_Live_Ce,L_47,Live,Tray14,7,Alive,1/14/18,1/25/18,28.2,10.84,Ce,47,Lupine,1,7,Sonoma,Round2,6-Oct,39.04
566,A11_Live_Aa,A_11,Live,Tray14,8,Alive,1/14/18,1/25/18,29.83,15.05,Aa,11,Ammophila,1,17,BMR,Round2,8-Oct,44.88
567,B20_Live_Ce,B_20,Live,Tray14,9,Alive,1/14/18,1/25/18,9.95,2.48,Ce,20,Baccharis,1,6,Sonoma,Round2,5-Oct,12.43
568,L12_Ster_Ce,L_12,Sterile,Tray14,10,Alive,1/14/18,1/25/18,62.44,17.1,Ce,12,Lupine,2,4,BMR,Round2,6-Oct,79.54
570,B19_Ster_La,B_19,Sterile,Tray14,12,Alive,1/14/18,1/25/18,129.36,127.53,La,19,Baccharis,2,16,Sonoma,Round2,7-Oct,256.89
571,I37_Live_Ce,I_37,Live,Tray14,13,Alive,1/14/18,1/25/18,1.16,1.26,Ce,37,IcePlant,1,24,BMR,Round2,5-Oct,2.42
572,A26_Live_Ce,A_26,Live,Tray14,15,Alive,1/14/18,1/25/18,11.23,4.28,Ce,26,Ammophila,2,26,Sonoma,Round2,7-Oct,15.51
574,I37_Ster_Aa,I_37,Sterile,Tray14,17,Alive,1/14/18,1/25/18,32.03,39.44,Aa,37,IcePlant,1,24,BMR,Round2,5-Oct,71.47
577,L40_Ster_La,L_40,Sterile,Tray14,20,Alive,1/14/18,1/25/18,137.43,190.98,La,40,Lupine,1,4,Sonoma,Round2,5-Oct,328.41
578,B1_Live_La,B_1,Live,Tray14,21,Alive,1/14/18,1/25/18,700.21,517.02,La,1,Baccharis,1,16,BMR,Round2,5-Oct,1217.23
580,A17_Ster_La,A_17,Sterile,Tray14,23,Alive,1/14/18,1/25/18,496.15,393.06,La,17,Ammophila,1,26,Sonoma,Round2,6-Oct,889.21
581,A17_Live_Ce,A_17,Live,Tray14,24,Alive,1/14/18,1/25/18,20.69,4.33,Ce,17,Ammophila,1,26,Sonoma,Round2,6-Oct,25.02
582,B20_Live_Aa,B_20,Live,Tray14,25,Alive,1/14/18,1/25/18,33.27,22.47,Aa,20,Baccharis,1,6,Sonoma,Round2,5-Oct,55.74
583,B16_Ster_La,B_16,Sterile,Tray14,26,Alive,1/14/18,1/25/18,157.49,201.36,La,16,Baccharis,1,19,Sonoma,Round2,5-Oct,358.85
584,L12_Live_Aa,L_12,Live,Tray14,27,Alive,1/14/18,1/25/18,41.86,36.89,Aa,12,Lupine,2,4,BMR,Round2,6-Oct,78.75
585,I21_Live_Ce,I_21,Live,Tray14,28,Alive,1/14/18,1/25/18,6.45,1.37,Ce,21,IcePlant,1,21,BMR,Round2,7-Oct,7.82
587,I37_Ster_Ce,I_37,Sterile,Tray14,30,Alive,1/14/18,1/25/18,35.67,15.17,Ce,37,IcePlant,1,24,BMR,Round2,5-Oct,50.84
589,L16_Live_Aa,L_16,Live,Tray14,32,Alive,1/14/18,1/25/18,42.06,21.61,Aa,16,Lupine,1,10,Sonoma,Round2,7-Oct,63.67
591,A12_Live_La,A_12,Live,Tray14,34,Alive,1/14/18,1/25/18,688.41,521.06,La,12,Ammophila,2,26,BMR,Round2,6-Oct,1209.47
592,A27_Ster_Aa,A_27,Sterile,Tray14,35,Alive,1/14/18,1/25/18,62.38,56.03,Aa,27,Ammophila,1,18,Sonoma,Round2,7-Oct,118.41
593,A17_Ster_Ce,A_17,Sterile,Tray14,36,Alive,1/14/18,1/25/18,49.68,17.81,Ce,17,Ammophila,1,26,Sonoma,Round2,6-Oct,67.49
595,L13_Live_Aa,L_13,Live,Tray14,38,Alive,1/14/18,1/25/18,17.63,3.04,Aa,13,Lupine,2,13,Sonoma,Round2,6-Oct,20.67
597,A12_Live_Aa,A_12,Live,Tray14,40,Alive,1/14/18,1/25/18,49.27,28.94,Aa,12,Ammophila,2,26,BMR,Round2,6-Oct,78.21
598,L38_Live_La,L_38,Live,Tray14,41,Alive,1/14/18,1/25/18,400.2,410.45,La,38,Lupine,1,9,Sonoma,Round2,7-Oct,810.65
600,I37_Ster_La,I_37,Sterile,Tray14,43,Alive,1/14/18,1/25/18,110.25,150.21,La,37,IcePlant,1,24,BMR,Round2,5-Oct,260.46
603,B21_Ster_Aa,B_21,Sterile,Tray14,46,Alive,1/14/18,1/25/18,23.74,13.49,Aa,21,Baccharis,1,4,Sonoma,Round2,5-Oct,37.23
604,B16_Ster_Ce,B_16,Sterile,Tray14,47,Alive,1/14/18,1/25/18,10.1,3.78,Ce,16,Baccharis,1,19,Sonoma,Round2,5-Oct,13.88
607,A4_Live_Aa,A_4,Live,Tray15,1,Alive,1/15/18,1/26/18,19.85,14.06,Aa,4,Ammophila,1,12,BMR,Round2,5-Oct,33.91
608,L12_Ster_La,L_12,Sterile,Tray15,2,Alive,1/15/18,1/26/18,744.07,587.84,La,12,Lupine,2,4,BMR,Round2,6-Oct,1331.91
609,B7_Live_Ce,B_7,Live,Tray15,3,Alive,1/15/18,1/26/18,18.48,7.5,Ce,7,Baccharis,1,5,BMR,Round2,7-Oct,25.98
610,I6_Ster_La,I_6,Sterile,Tray15,4,Alive,1/15/18,1/26/18,529.01,471.5,La,6,IcePlant,1,22,BMR,Round2,6-Oct,1000.51
612,I9_Ster_Aa,I_9,Sterile,Tray15,6,Alive,1/15/18,1/26/18,59.01,57.05,Aa,9,IcePlant,1,10,BMR,Round2,6-Oct,116.06
613,B19_Live_La,B_19,Live,Tray15,7,Alive,1/15/18,1/26/18,608.51,482.43,La,19,Baccharis,2,16,Sonoma,Round2,7-Oct,1090.94
614,B7_Ster_La,B_7,Sterile,Tray15,8,Alive,1/15/18,1/26/18,106.11,167.9,La,7,Baccharis,1,5,BMR,Round2,7-Oct,274.01
615,L38_Ster_Aa,L_38,Sterile,Tray15,9,Alive,1/15/18,1/26/18,131.67,133.44,Aa,38,Lupine,1,9,Sonoma,Round2,7-Oct,265.11
617,B35_Live_Aa,B_35,Live,Tray15,11,Alive,1/15/18,1/26/18,36.57,37.44,Aa,35,Baccharis,2,0.5,Sonoma,Round2,7-Oct,74.01
619,B3_Ster_Ce,B_3,Sterile,Tray15,13,Alive,1/15/18,1/26/18,16.22,2.21,Ce,3,Baccharis,1,7,BMR,Round2,8-Oct,18.43
620,B2_Ster_Aa,B_2,Sterile,Tray15,14,Alive,1/15/18,1/26/18,71.37,70.26,Aa,2,Baccharis,2,12,BMR,Round2,7-Oct,141.63
621,L12_Live_Ce,L_12,Live,Tray15,15,Alive,1/15/18,1/26/18,31,18,Ce,12,Lupine,2,4,BMR,Round2,6-Oct,49
622,I9_Ster_La,I_9,Sterile,Tray15,16,Alive,1/15/18,1/26/18,100.07,198.32,La,9,IcePlant,1,10,BMR,Round2,6-Oct,298.39
624,I37_Live_Aa,I_37,Live,Tray15,18,Alive,1/15/18,1/26/18,39.49,37.22,Aa,37,IcePlant,1,24,BMR,Round2,5-Oct,76.71
627,I21_Live_La,I_21,Live,Tray15,21,Alive,1/15/18,1/26/18,508.48,453.06,La,21,IcePlant,1,21,BMR,Round2,7-Oct,961.54
629,B16_Live_La,B_16,Live,Tray15,23,Alive,1/15/18,1/26/18,844.4,597.74,La,16,Baccharis,1,19,Sonoma,Round2,5-Oct,1442.14
631,L13_Ster_Ce,L_13,Sterile,Tray15,25,Alive,1/15/18,1/26/18,39.49,13.85,Ce,13,Lupine,2,13,Sonoma,Round2,6-Oct,53.34
632,B21_Ster_Aa,B_21,Sterile,Tray15,26,Alive,1/15/18,1/26/18,48.97,51.79,Aa,21,Baccharis,1,4,Sonoma,Round2,5-Oct,100.76
634,A27_Ster_La,A_27,Sterile,Tray15,28,Alive,1/15/18,1/26/18,127.72,280.89,La,27,Ammophila,1,18,Sonoma,Round2,7-Oct,408.61
635,I37_Live_La,I_37,Live,Tray15,29,Alive,1/15/18,1/26/18,421.52,339.41,La,37,IcePlant,1,24,BMR,Round2,5-Oct,760.93
636,I21_Ster_Ce,I_21,Sterile,Tray15,30,Alive,1/15/18,1/26/18,13.96,2.08,Ce,21,IcePlant,1,21,BMR,Round2,7-Oct,16.04
638,I6_Ster_Ce,I_6,Sterile,Tray15,32,Alive,1/15/18,,36,13.92,Ce,6,IcePlant,1,22,BMR,Round2,6-Oct,49.92
640,B19_Live_Ce,B_19,Live,Tray15,34,Alive,1/15/18,1/26/18,4.51,1.26,Ce,19,Baccharis,2,16,Sonoma,Round2,7-Oct,5.77
641,A12_Live_Ce,A_12,Live,Tray15,35,Alive,1/15/18,1/26/18,12.7,2.24,Ce,12,Ammophila,2,26,BMR,Round2,6-Oct,14.94
642,B16_Live_Aa,B_16,Live,Tray15,36,Alive,1/15/18,1/26/18,22.27,17.18,Aa,16,Baccharis,1,19,Sonoma,Round2,5-Oct,39.45
644,B1_Ster_La,B_1,Sterile,Tray15,38,Alive,1/15/18,1/26/18,112.37,181.48,La,1,Baccharis,1,16,BMR,Round2,7-Oct,293.85
645,A26_Ster_La,A_26,Sterile,Tray15,39,Alive,1/15/18,1/26/18,98.5,156.33,La,26,Ammophila,2,26,Sonoma,Round2,7-Oct,254.83
647,B21_Ster_Ce,B_21,Sterile,Tray15,41,Alive,1/15/18,1/26/18,15.11,3.94,Ce,21,Baccharis,1,4,Sonoma,Round2,5-Oct,19.05
648,L10_Live_Aa,L_10,Live,Tray15,42,Alive,1/15/18,1/26/18,18.18,2.55,Aa,10,Lupine,1,7,BMR,Round2,7-Oct,20.73
654,A4_Ster_Aa,A_4,Sterile,Tray15,48,Alive,1/15/18,1/26/18,46.21,49,Aa,4,Ammophila,1,12,BMR,Round2,5-Oct,95.21
655,A5_Ster_Ce,A_5,Sterile,Tray15,49,Alive,1/15/18,1/26/18,48.14,17.16,Ce,5,Ammophila,1,15,BMR,Round2,6-Oct,65.3
656,B19_Ster_Ce,B_19,Sterile,Tray16,1,Alive,1/15/18,1/27/18,20.99,7,Ce,19,Baccharis,2,16,Sonoma,Round2,7-Oct,27.99
658,A30_Ster_Aa,A_30,Sterile,Tray16,3,Alive,1/15/18,1/27/18,61.15,59.9,Aa,30,Ammophila,2,21,Sonoma,Round2,7-Oct,121.05
659,A27_Ster_Ce,A_27,Sterile,Tray16,4,Alive,1/15/18,1/27/18,17.37,8.31,Ce,27,Ammophila,1,18,Sonoma,Round2,7-Oct,25.68
660,I65_Live_Ce,I_65,Live,Tray16,6,Alive,1/15/18,1/27/18,19.41,8.95,Ce,65,IcePlant,2,0.5,Sonoma,Round2,6-Oct,28.36
661,B3_Ster_La,B_3,Sterile,Tray16,7,Alive,1/15/18,1/27/18,78.44,116.81,La,3,Baccharis,1,7,BMR,Round2,8-Oct,195.25
663,L14_Ster_La,L_14,Sterile,Tray16,9,Alive,1/15/18,1/27/18,127.59,182.58,La,14,Lupine,1,10,Sonoma,Round2,8-Oct,310.17
664,B1_Ster_Ce,B_1,Sterile,Tray16,10,Alive,1/15/18,1/27/18,30.29,11.62,Ce,1,Baccharis,1,16,BMR,Round2,7-Oct,41.91
665,I43_Ster_Aa,I_43,Sterile,Tray16,11,Alive,1/15/18,1/27/18,41.47,32.41,Aa,43,IcePlant,2,12,Sonoma,Round2,8-Oct,73.88
666,A11_Live_Ce,A_11,Live,Tray16,12,Alive,1/15/18,1/27/18,9.93,3.22,Ce,11,Ammophila,1,17,BMR,Round2,8-Oct,13.15
667,L10_Live_La,L_10,Live,Tray16,13,Alive,1/15/18,1/27/18,424.53,352.75,La,10,Lupine,1,7,BMR,Round2,7-Oct,777.28
669,A12_Ster_La,A_12,Sterile,Tray16,15,Alive,1/15/18,1/27/18,105.69,156.8,La,12,Ammophila,2,26,BMR,Round2,6-Oct,262.49
670,A21_Ster_Ce,A_21,Sterile,Tray16,16,Alive,1/15/18,1/27/18,34.64,12.9,Ce,21,Ammophila,1,11,Sonoma,Round2,8-Oct,47.54
673,L14_Ster_Aa,L_14,Sterile,Tray16,20,Alive,1/15/18,1/27/18,94.66,86.06,Aa,14,Lupine,1,10,Sonoma,Round2,8-Oct,180.72
674,A5_Ster_La,A_5,Sterile,Tray16,21,Alive,1/15/18,1/27/18,201.09,200.83,La,5,Ammophila,1,15,BMR,Round2,6-Oct,401.92
676,A15_Live_Ce,A_15,Live,Tray16,23,Alive,1/15/18,1/27/18,9.02,4.36,Ce,15,Ammophila,2,26,BMR,Round2,8-Oct,13.38
677,B7_Ster_Aa,B_7,Sterile,Tray16,24,Alive,1/15/18,1/27/18,40.11,49.22,Aa,7,Baccharis,1,5,BMR,Round2,7-Oct,89.33
679,L38_Ster_Ce,L_38,Sterile,Tray16,26,Alive,1/15/18,1/27/18,53.74,18.17,Ce,38,Lupine,1,9,Sonoma,Round2,7-Oct,71.91
682,L10_Ster_La,L_10,Sterile,Tray16,29,Alive,1/15/18,1/27/18,96.99,95.51,La,10,Lupine,1,7,BMR,Round2,7-Oct,192.5
683,I9_Live_La,I_9,Live,Tray16,30,Alive,1/15/18,1/27/18,871.32,518.52,La,9,IcePlant,1,10,BMR,Round2,6-Oct,1389.84
684,B19_Live_Aa,B_19,Live,Tray16,31,Alive,1/15/18,1/27/18,32.6,22.63,Aa,19,Baccharis,2,16,Sonoma,Round2,7-Oct,55.23
685,L12_Live_La,L_12,Live,Tray16,32,Alive,1/15/18,1/27/18,546.01,462.72,La,12,Lupine,2,4,BMR,Round2,6-Oct,1008.73
687,A15_Live_Aa,A_15,Live,Tray16,34,Alive,1/15/18,1/27/18,18.4,13.59,Aa,15,Ammophila,2,26,BMR,Round2,8-Oct,31.99
688,A11_Ster_La,A_11,Sterile,Tray16,35,Alive,1/15/18,1/27/18,129.76,157.49,La,11,Ammophila,1,17,BMR,Round2,8-Oct,287.25
689,L40_Live_La,L_40,Live,Tray16,36,Alive,1/16/18,1/27/18,120.03,116.23,La,40,Lupine,1,4,Sonoma,Round2,5-Oct,236.26
690,L16_Ster_Ce,L_16,Sterile,Tray16,37,Alive,1/16/18,1/27/18,29.31,6.63,Ce,16,Lupine,1,10,Sonoma,Round2,7-Oct,35.94
691,I6_Ster_Aa,I_6,Sterile,Tray16,38,Alive,1/16/18,1/27/18,52.34,56.61,Aa,6,IcePlant,1,22,BMR,Round2,6-Oct,108.95
692,B19_Ster_Aa,B_19,Sterile,Tray16,39,Alive,1/16/18,1/27/18,54.58,57.71,Aa,19,Baccharis,2,16,Sonoma,Round2,7-Oct,112.29
693,L12_Ster_Aa,L_12,Sterile,Tray16,40,Alive,1/16/18,1/27/18,61.9,56.65,Aa,12,Lupine,2,4,BMR,Round2,6-Oct,118.55
694,B2_Ster_La,B_2,Sterile,Tray16,41,Alive,1/16/18,1/27/18,68.12,66.24,La,2,Baccharis,2,12,BMR,Round2,7-Oct,134.36
695,I20_Ster_Ce,I_20,Sterile,Tray16,42,Alive,1/16/18,1/27/18,15.98,7.45,Ce,20,IcePlant,2,19,BMR,Round2,7-Oct,23.43
698,I65_Ster_Ce,I_65,Sterile,Tray16,45,Alive,1/16/18,1/27/18,17.09,5.01,Ce,65,IcePlant,2,0.5,Sonoma,Round2,6-Oct,22.1
699,A12_Ster_Aa,A_12,Sterile,Tray16,46,Alive,1/16/18,1/27/18,64.62,66.3,Aa,12,Ammophila,2,26,BMR,Round2,6-Oct,130.92
703,B35_Live_La,B_35,Live,Tray17,1,Alive,1/16/18,1/28/18,311.4,335.52,La,35,Baccharis,2,0.5,Sonoma,Round2,7-Oct,646.92
704,A12_Ster_Ce,A_12,Sterile,Tray17,2,Alive,1/16/18,1/28/18,48.03,13.45,Ce,12,Ammophila,2,26,BMR,Round2,6-Oct,61.48
707,A17_Live_Aa,A_17,Live,Tray17,5,Alive,1/16/18,1/28/18,13.53,9.28,Aa,17,Ammophila,1,26,Sonoma,Round2,6-Oct,22.81
708,L10_Ster_Ce,L_10,Sterile,Tray17,6,Alive,1/16/18,1/28/18,51.44,17.44,Ce,10,Lupine,1,7,BMR,Round2,7-Oct,68.88
709,I9_Live_Aa,I_9,Live,Tray17,7,Alive,1/16/18,1/28/18,21.55,17.73,Aa,9,IcePlant,1,10,BMR,Round2,6-Oct,39.28
711,L16_Ster_La,L_16,Sterile,Tray17,9,Alive,1/16/18,1/28/18,148.37,237.56,La,16,Lupine,1,10,Sonoma,Round2,7-Oct,385.93
713,L38_Live_Ce,L_38,Live,Tray17,11,Alive,1/16/18,1/28/18,39.59,11.13,Ce,38,Lupine,1,9,Sonoma,Round2,7-Oct,50.72
714,B35_Live_Ce,B_35,Live,Tray17,12,Alive,1/16/18,1/28/18,10.38,5.03,Ce,35,Baccharis,2,0.5,Sonoma,Round2,7-Oct,15.41
715,L10_Ster_Aa,L_10,Sterile,Tray17,13,Alive,1/16/18,1/28/18,71.47,81.82,Aa,10,Lupine,1,7,BMR,Round2,7-Oct,153.29
717,L40_Live_Aa,L_40,Live,Tray17,15,Alive,1/16/18,1/28/18,47.82,37.15,Aa,40,Lupine,1,4,Sonoma,Round2,5-Oct,84.97
718,A4_Ster_La,A_4,Sterile,Tray17,16,Alive,1/16/18,1/28/18,123.86,142.06,La,4,Ammophila,1,12,BMR,Round2,5-Oct,265.92
719,L13_Ster_La,L_13,Sterile,Tray17,18,Alive,1/16/18,1/28/18,75.5,115.94,La,13,Lupine,2,13,Sonoma,Round2,6-Oct,191.44
721,B7_Ster_Ce,B_7,Sterile,Tray17,20,Alive,1/16/18,1/28/18,23.99,11.17,Ce,7,Baccharis,1,5,BMR,Round2,7-Oct,35.16
722,A15_Ster_Ce,A_15,Sterile,Tray17,21,Alive,1/16/18,1/28/18,22.93,9.3,Ce,15,Ammophila,2,26,BMR,Round2,8-Oct,32.23
723,I20_Live_La,I_20,Live,Tray17,22,Alive,1/16/18,1/28/18,707.98,525.56,La,20,IcePlant,2,19,BMR,Round2,7-Oct,1233.54
725,L47_Live_La,L_47,Live,Tray17,24,Alive,1/16/18,1/28/18,570.43,534.01,La,47,Lupine,1,7,Sonoma,Round2,6-Oct,1104.44
727,I21_Live_Aa,I_21,Live,Tray17,26,Alive,1/16/18,1/28/18,19.62,13.77,Aa,21,IcePlant,1,21,BMR,Round2,7-Oct,33.39
729,B20_Ster_La,B_20,Sterile,Tray17,28,Alive,1/16/18,1/28/18,95.66,190.21,La,20,Baccharis,1,6,Sonoma,Round2,5-Oct,285.87
730,A30_Ster_La,A_30,Sterile,Tray17,29,Alive,1/16/18,1/28/18,149.76,250.78,La,30,Ammophila,2,21,Sonoma,Round2,7-Oct,400.54
731,I65_Ster_La,I_65,Sterile,Tray17,30,Alive,1/16/18,1/28/18,104.25,113.79,La,65,IcePlant,2,0.5,Sonoma,Round2,6-Oct,218.04
732,A11_Ster_Aa,A_11,Sterile,Tray17,31,Alive,1/16/18,1/28/18,30.43,17.45,Aa,11,Ammophila,1,17,BMR,Round2,8-Oct,47.88
733,L13_Ster_Aa,L_13,Sterile,Tray17,32,Alive,1/16/18,1/28/18,41.28,35.65,Aa,13,Lupine,2,13,Sonoma,Round2,6-Oct,76.93
734,I9_Ster_Ce,I_9,Sterile,Tray17,33,Alive,1/16/18,1/28/18,19.59,8.61,Ce,9,IcePlant,1,10,BMR,Round2,6-Oct,28.2
738,L47_Ster_La,L_47,Sterile,Tray17,37,Alive,1/16/18,1/28/18,107.73,134.12,La,47,Lupine,1,7,Sonoma,Round2,6-Oct,241.85
739,L32_Ster_Aa,L_32,Sterile,Tray17,38,Alive,1/16/18,1/28/18,90.49,103.56,Aa,32,Lupine,1,8,Sonoma,Round2,8-Oct,194.05
740,A30_Live_La,A_30,Live,Tray17,39,Alive,1/16/18,1/28/18,91.9,129.42,La,30,Ammophila,2,21,Sonoma,Round2,7-Oct,221.32
741,L40_Ster_Ce,L_40,Sterile,Tray17,40,Alive,1/16/18,1/28/18,49.38,17.95,Ce,40,Lupine,1,4,Sonoma,Round2,5-Oct,67.33
744,A5_Ster_Aa,A_5,Sterile,Tray17,43,Alive,1/16/18,1/28/18,67.46,71.19,Aa,5,Ammophila,1,15,BMR,Round2,6-Oct,138.65
746,L47_Ster_Aa,L_47,Sterile,Tray17,45,Alive,1/16/18,1/28/18,64.47,48.33,Aa,47,Lupine,1,7,Sonoma,Round2,6-Oct,112.8
747,B2_Ster_Ce,B_2,Sterile,Tray17,46,Alive,1/16/18,1/28/18,44.92,12.84,Ce,2,Baccharis,2,12,BMR,Round2,7-Oct,57.76
750,L47_Live_Aa,L_47,Live,Tray17,49,Alive,1/16/18,1/28/18,39.13,35.21,Aa,47,Lupine,1,7,Sonoma,Round2,6-Oct,74.34
751,L38_Ster_La,L_38,Sterile,Tray18,1,Alive,1/17/18,1/28/18,83.66,169.95,La,38,Lupine,1,9,Sonoma,Round2,7-Oct,253.61
752,B21_Ster_Ce,B_21,Sterile,Tray18,2,Alive,1/17/18,1/28/18,15.69,3.88,Ce,21,Baccharis,1,4,Sonoma,Round2,5-Oct,19.57
753,I9_Live_Ce,I_9,Live,Tray18,3,Alive,1/17/18,1/28/18,6.22,1.35,Ce,9,IcePlant,1,10,BMR,Round2,6-Oct,7.57
754,B7_Live_Aa,B_7,Live,Tray18,4,Alive,1/17/18,1/28/18,18.54,16.59,Aa,7,Baccharis,1,5,BMR,Round2,7-Oct,35.13
756,B21_Ster_La,B_21,Sterile,Tray18,6,Alive,1/17/18,1/28/18,115.72,143.31,La,21,Baccharis,1,4,Sonoma,Round2,5-Oct,259.03
757,I20_Live_Ce,I_20,Live,Tray18,7,Alive,1/17/18,1/28/18,6.95,4.13,Ce,20,IcePlant,2,19,BMR,Round2,7-Oct,11.08
758,A26_Ster_Ce,A_26,Sterile,Tray18,8,Alive,1/17/18,1/28/18,22.47,8.07,Ce,26,Ammophila,2,26,Sonoma,Round2,7-Oct,30.54
759,I65_Ster_Aa,I_65,Sterile,Tray18,9,Alive,1/17/18,1/28/18,46.46,37.95,Aa,65,IcePlant,2,0.5,Sonoma,Round2,6-Oct,84.41
760,B2_Live_Ce,B_2,Live,Tray18,10,Alive,1/17/18,1/28/18,6.62,1.33,Ce,2,Baccharis,2,12,BMR,Round2,7-Oct,7.95
762,B2_Live_La,B_2,Live,Tray18,12,Alive,1/17/18,1/28/18,1234.33,902.67,La,2,Baccharis,2,12,BMR,Round2,7-Oct,2137
763,A26_Live_Aa,A_26,Live,Tray18,13,Alive,1/17/18,1/28/18,22.46,14.62,Aa,26,Ammophila,2,26,Sonoma,Round2,7-Oct,37.08
764,I20_Ster_La,I_20,Sterile,Tray18,14,Alive,1/17/18,1/28/18,125.21,173.14,La,20,IcePlant,2,19,BMR,Round2,7-Oct,298.35
765,L36_Ster_Ce,L_36,Sterile,Tray18,15,Alive,1/17/18,1/28/18,58.99,12.57,Ce,36,Lupine,2,6,Sonoma,Round2,8-Oct,71.56
768,I20_Live_Aa,I_20,Live,Tray18,18,Alive,1/17/18,1/28/18,19.61,13.31,Aa,20,IcePlant,2,19,BMR,Round2,7-Oct,32.92
769,L74_Live_Ce,L_74,Live,Tray18,19,Alive,1/17/18,1/28/18,4.74,6.72,Ce,74,Lupine,2,0.5,Sonoma,Round2,7-Oct,11.46
770,A5_Live_La,A_5,Live,Tray18,20,Alive,1/17/18,1/28/18,855.97,649.42,La,5,Ammophila,1,15,BMR,Round2,6-Oct,1505.39
771,B28_Live_Ce,B_28,Live,Tray18,21,Alive,1/17/18,1/28/18,4.16,0.98,Ce,28,Baccharis,1,24,Sonoma,Round2,8-Oct,5.14
772,A11_Live_La,A_11,Live,Tray18,22,Alive,1/17/18,1/28/18,132.78,181.87,La,11,Ammophila,1,17,BMR,Round2,8-Oct,314.65
774,A30_Live_Aa,A_30,Live,Tray18,24,Alive,1/17/18,1/28/18,30.3,23.15,Aa,30,Ammophila,2,21,Sonoma,Round2,7-Oct,53.45
776,B28_Live_La,B_28,Live,Tray18,26,Alive,1/17/18,1/28/18,257.24,259.44,La,28,Baccharis,1,24,Sonoma,Round2,8-Oct,516.68
777,B3_Live_La,B_3,Live,Tray18,27,Alive,1/17/18,1/28/18,272.06,208.46,La,3,Baccharis,1,7,BMR,Round2,8-Oct,480.52
778,L18_Live_Ce,L_18,Live,Tray18,28,Alive,1/17/18,1/28/18,0.69,0.59,Ce,18,Lupine,2,3,Sonoma,Round2,8-Oct,1.28
780,B2_Live_Aa,B_2,Live,Tray18,30,Alive,1/17/18,1/28/18,35.94,29.97,Aa,2,Baccharis,2,12,BMR,Round2,7-Oct,65.91
781,I65_Live_Aa,I_65,Live,Tray18,31,Alive,1/17/18,1/28/18,24.47,15.09,Aa,65,IcePlant,2,0.5,Sonoma,Round2,6-Oct,39.56
782,L18_Live_La,L_18,Live,Tray18,32,Alive,1/17/18,1/28/18,345.71,290.84,La,18,Lupine,2,3,Sonoma,Round2,8-Oct,636.55
784,L36_Live_Ce,L_36,Live,Tray18,34,Alive,1/17/18,1/28/18,44.59,15.28,Ce,36,Lupine,2,6,Sonoma,Round2,8-Oct,59.87
786,L38_Live_Aa,L_38,Live,Tray18,36,Alive,1/17/18,1/28/18,59.69,48.78,Aa,38,Lupine,1,9,Sonoma,Round2,7-Oct,108.47
787,A15_Ster_La,A_15,Sterile,Tray18,37,Alive,1/17/18,1/28/18,102.42,144.55,La,15,Ammophila,2,26,BMR,Round2,8-Oct,246.97
789,A5_Live_Aa,A_5,Live,Tray18,39,Alive,1/17/18,1/28/18,24.29,18.33,Aa,5,Ammophila,1,15,BMR,Round2,6-Oct,42.62
790,L36_Ster_Aa,L_36,Sterile,Tray18,40,Alive,1/17/18,1/28/18,147.57,115.68,Aa,36,Lupine,2,6,Sonoma,Round2,8-Oct,263.25
791,B7_Live_La,B_7,Live,Tray18,41,Alive,1/17/18,1/28/18,189.4,176.45,La,7,Baccharis,1,5,BMR,Round2,7-Oct,365.85
796,A30_Ster_Ce,A_30,Sterile,Tray18,46,Alive,1/17/18,1/28/18,28.38,9.19,Ce,30,Ammophila,2,21,Sonoma,Round2,7-Oct,37.57
797,I65_Live_La,I_65,Live,Tray18,47,Alive,1/17/18,1/28/18,551.89,392.65,La,65,IcePlant,2,0.5,Sonoma,Round2,6-Oct,944.54
798,L74_Ster_Aa,L_74,Sterile,Tray18,48,Alive,1/17/18,1/28/18,48.12,54.24,Aa,74,Lupine,2,0.5,Sonoma,Round2,7-Oct,102.36
800,L14_Live_Ce,L_14,Live,Tray19,1,Alive,1/17/18,1/29/18,22.49,10.63,Ce,14,Lupine,1,10,Sonoma,Round2,8-Oct,33.12
802,L40_Ster_Aa,L_40,Sterile,Tray19,3,Alive,1/17/18,1/29/18,41.94,39.88,Aa,40,Lupine,1,4,Sonoma,Round2,5-Oct,81.82
803,I30_Ster_Aa,I_30,Sterile,Tray19,4,Alive,1/17/18,1/29/18,34.64,31.15,Aa,30,IcePlant,1,6,Sonoma,Round2,9-Oct,65.79
804,A33_Live_La,A_33,Live,Tray19,5,Alive,1/17/18,1/29/18,410.52,350.33,La,33,Ammophila,2,0.5,Sonoma,Round2,9-Oct,760.85
808,A26_Ster_Aa,A_26,Sterile,Tray19,9,Alive,1/17/18,1/29/18,32.35,36.22,Aa,26,Ammophila,2,26,Sonoma,Round2,7-Oct,68.57
809,A21_Live_La,A_21,Live,Tray19,10,Alive,1/17/18,1/29/18,1041.74,904.63,La,21,Ammophila,1,11,Sonoma,Round2,8-Oct,1946.37
810,B27_Ster_La,B_27,Sterile,Tray19,11,Alive,1/17/18,1/29/18,103.83,186.77,La,27,Baccharis,1,20,Sonoma,Round2,9-Oct,290.6
811,L32_Ster_La,L_32,Sterile,Tray19,12,Alive,1/17/18,1/29/18,128.32,168.82,La,32,Lupine,1,8,Sonoma,Round2,8-Oct,297.14
812,A6_Live_Ce,A_6,Live,Tray19,13,Alive,1/17/18,1/29/18,11.94,2.81,Ce,6,Ammophila,1,22,BMR,Round2,8-Oct,14.75
813,B35_Ster_Ce,B_35,Sterile,Tray19,14,Alive,1/17/18,1/29/18,14.15,3.56,Ce,35,Baccharis,2,0.5,Sonoma,Round2,9-Oct,17.71
815,A27_Live_Ce,A_27,Live,Tray19,16,Alive,1/17/18,1/29/18,5.54,3.05,Ce,27,Ammophila,1,18,Sonoma,Round2,9-Oct,8.59
816,I11_Live_La,I_11,Live,Tray19,17,Alive,1/17/18,1/29/18,1255.57,696.12,La,11,IcePlant,1,9,BMR,Round2,8-Oct,1951.69
818,L18_Live_Aa,L_18,Live,Tray19,19,Alive,1/17/18,1/29/18,79.74,37.52,Aa,18,Lupine,2,3,Sonoma,Round2,8-Oct,117.26
821,I18_Live_Ce,I_18,Live,Tray19,22,Alive,1/17/18,1/29/18,8.47,2.84,Ce,18,IcePlant,2,14,BMR,Round2,8-Oct,11.31
822,I18_Live_Aa,I_18,Live,Tray19,23,Alive,1/17/18,1/29/18,17.51,15.01,Aa,18,IcePlant,2,14,BMR,Round2,8-Oct,32.52
823,A33_Ster_Aa,A_33,Sterile,Tray19,24,Alive,1/17/18,1/29/18,25.3,20.95,Aa,33,Ammophila,2,0.5,Sonoma,Round2,9-Oct,46.25
824,I18_Live_La,I_18,Live,Tray19,25,Alive,1/17/18,1/29/18,875.55,788.1,La,18,IcePlant,2,14,BMR,Round2,8-Oct,1663.65
825,L19_Live_Ce,L_19,Live,Tray19,26,Alive,1/17/18,1/29/18,11.72,5.06,Ce,19,Lupine,2,5,Sonoma,Round2,9-Oct,16.78
826,B24_Ster_Aa,B_24,Sterile,Tray19,27,Alive,1/17/18,1/29/18,45.89,47.94,Aa,24,Baccharis,2,13,Sonoma,Round2,9-Oct,93.83
827,B28_Live_Aa,B_28,Live,Tray19,28,Alive,1/17/18,1/29/18,16.38,13.69,Aa,28,Baccharis,1,24,Sonoma,Round2,8-Oct,30.07
829,L19_Live_La,L_19,Live,Tray19,30,Alive,1/18/18,1/29/18,228.59,249.95,La,19,Lupine,2,5,Sonoma,Round2,9-Oct,478.54
832,I11_Live_Aa,I_11,Live,Tray19,33,Alive,1/18/18,1/29/18,12.36,8.16,Aa,11,IcePlant,1,9,BMR,Round2,8-Oct,20.52
833,L14_Ster_Ce,L_14,Sterile,Tray19,34,Alive,1/18/18,1/29/18,31.68,9.99,Ce,14,Lupine,1,10,Sonoma,Round2,8-Oct,41.67
836,I30_Ster_La,I_30,Sterile,Tray19,37,Alive,1/18/18,1/29/18,106.72,147.67,La,30,IcePlant,1,6,Sonoma,Round2,9-Oct,254.39
837,I11_Ster_Ce,I_11,Sterile,Tray19,38,Alive,1/18/18,1/29/18,13.7,3.9,Ce,11,IcePlant,1,9,BMR,Round2,8-Oct,17.6
838,A22_Ster_La,A_22,Sterile,Tray19,39,Alive,1/18/18,1/29/18,311.95,353.55,La,22,Ammophila,1,6,Sonoma,Round2,9-Oct,665.5
840,B3_Ster_Aa,B_3,Sterile,Tray19,41,Alive,1/18/18,1/29/18,23.86,14.83,Aa,3,Baccharis,1,7,BMR,Round2,8-Oct,38.69
843,L19_Ster_La,L_19,Sterile,Tray19,44,Alive,1/18/18,1/29/18,83.14,111.33,La,19,Lupine,2,5,Sonoma,Round2,9-Oct,194.47
844,A6_Ster_La,A_6,Sterile,Tray19,45,Alive,1/18/18,1/29/18,70.08,83.93,La,6,Ammophila,1,22,BMR,Round2,8-Oct,154.01
847,L54_Ster_Ce,L_54,Sterile,Tray19,48,Alive,1/18/18,1/29/18,51.86,25.95,Ce,54,Lupine,1,10,BMR,Round2,9-Oct,77.81
848,A22_Ster_Aa,A_22,Sterile,Tray19,49,Alive,1/18/18,1/29/18,18.78,17.78,Aa,22,Ammophila,1,6,Sonoma,Round2,9-Oct,36.56
849,I11_Ster_La,I_11,Sterile,Tray20,1,Alive,1/18/18,1/29/18,87.09,141.59,La,11,IcePlant,1,9,BMR,Round2,8-Oct,228.68
850,I18_Ster_Ce,I_18,Sterile,Tray20,2,Alive,1/18/18,1/29/18,12.23,4.12,Ce,18,IcePlant,2,14,BMR,Round2,8-Oct,16.35
851,L18_Ster_Ce,L_18,Sterile,Tray20,3,Alive,1/18/18,1/29/18,11.23,6.47,Ce,18,Lupine,2,3,Sonoma,Round2,8-Oct,17.7
854,I38_Live_La,I_38,Live,Tray20,6,Alive,1/18/18,1/29/18,1170.76,692.87,La,38,IcePlant,2,7,BMR,Round2,8-Oct,1863.63
855,B27_Ster_Aa,B_27,Sterile,Tray20,7,Alive,1/18/18,1/29/18,39.71,35.51,Aa,27,Baccharis,1,20,Sonoma,Round2,9-Oct,75.22
856,A22_Ster_Ce,A_22,Sterile,Tray20,8,Alive,1/18/18,1/29/18,6.96,2.54,Ce,22,Ammophila,1,6,Sonoma,Round2,9-Oct,9.5
857,I18_Ster_La,I_18,Sterile,Tray20,9,Alive,1/18/18,1/29/18,89.69,105.11,La,18,IcePlant,2,14,BMR,Round2,8-Oct,194.8
858,I18_Ster_Aa,I_18,Sterile,Tray20,10,Alive,1/18/18,1/29/18,47.43,47.61,Aa,18,IcePlant,2,14,BMR,Round2,8-Oct,95.04
859,L36_Ster_La,L_36,Sterile,Tray20,11,Alive,1/18/18,1/29/18,133.43,255.15,La,36,Lupine,2,6,Sonoma,Round2,8-Oct,388.58
860,A33_Ster_Ce,A_33,Sterile,Tray20,12,Alive,1/18/18,1/29/18,24.51,6.64,Ce,33,Ammophila,2,0.5,Sonoma,Round2,9-Oct,31.15
861,A21_Ster_Aa,A_21,Sterile,Tray20,13,Alive,1/18/18,1/29/18,58.36,54.04,Aa,21,Ammophila,1,11,Sonoma,Round2,8-Oct,112.4
862,L54_Live_La,L_54,Live,Tray20,14,Alive,1/18/18,1/29/18,391.31,432.77,La,54,Lupine,1,10,BMR,Round2,9-Oct,824.08
865,I11_Live_Ce,I_11,Live,Tray20,17,Alive,1/18/18,1/29/18,5.91,2.9,Ce,11,IcePlant,1,9,BMR,Round2,8-Oct,8.81
866,L32_Live_Aa,L_32,Live,Tray20,18,Alive,1/18/18,1/29/18,45.61,38.8,Aa,32,Lupine,1,8,Sonoma,Round2,8-Oct,84.41
867,B24_Ster_Ce,B_24,Sterile,Tray20,19,Alive,1/18/18,1/29/18,15.95,4.84,Ce,24,Baccharis,2,13,Sonoma,Round2,9-Oct,20.79
868,A6_Live_Aa,A_6,Live,Tray20,20,Alive,1/18/18,1/29/18,18.29,15.31,Aa,6,Ammophila,1,22,BMR,Round2,8-Oct,33.6
869,A21_Ster_La,A_21,Sterile,Tray20,21,Alive,1/19/18,1/29/18,93.17,223.46,La,21,Ammophila,1,11,Sonoma,Round2,8-Oct,316.63
870,A33_Ster_La,A_33,Sterile,Tray20,22,Alive,1/19/18,1/29/18,107.37,106.07,La,33,Ammophila,2,0.5,Sonoma,Round2,9-Oct,213.44
871,A6_Live_La,A_6,Live,Tray20,23,Alive,1/19/18,1/29/18,515.68,484.25,La,6,Ammophila,1,22,BMR,Round2,8-Oct,999.93
872,B3_Live_Ce,B_3,Live,Tray20,25,Alive,1/19/18,1/29/18,9.42,3.75,Ce,3,Baccharis,1,7,BMR,Round2,8-Oct,13.17
873,L54_Ster_Aa,L_54,Sterile,Tray20,26,Alive,1/19/18,1/29/18,72.54,82.19,Aa,54,Lupine,1,10,BMR,Round2,9-Oct,154.73
874,A6_Ster_Aa,A_6,Sterile,Tray20,27,Alive,1/19/18,1/29/18,39.58,42.41,Aa,6,Ammophila,1,22,BMR,Round2,8-Oct,81.99
878,I43_Live_Ce,I_43,Live,Tray20,31,Alive,1/19/18,1/29/18,5.81,0.99,Ce,43,IcePlant,2,12,Sonoma,Round2,8-Oct,6.8
879,L14_Live_Aa,L_14,Live,Tray20,32,Alive,1/19/18,1/29/18,41.76,31.58,Aa,14,Lupine,1,10,Sonoma,Round2,8-Oct,73.34
880,I43_Live_La,I_43,Live,Tray20,33,Alive,1/19/18,1/29/18,889.51,631.85,La,43,IcePlant,2,12,Sonoma,Round2,8-Oct,1521.36
881,L14_Live_La,L_14,Live,Tray20,34,Alive,1/19/18,1/29/18,186.34,189.72,La,14,Lupine,1,10,Sonoma,Round2,8-Oct,376.06
883,A27_Live_Aa,A_27,Live,Tray20,36,Alive,1/19/18,1/29/18,20.29,12.82,Aa,27,Ammophila,1,18,Sonoma,Round2,9-Oct,33.11
885,L74_Live_Aa,L_74,Live,Tray20,38,Alive,1/19/18,1/29/18,20.39,13.85,Aa,74,Lupine,2,0.5,Sonoma,Round2,7-Oct,34.24
886,B28_Ster_La,B_28,Sterile,Tray20,39,Alive,1/19/18,1/29/18,384.65,331.73,La,28,Baccharis,1,24,Sonoma,Round2,8-Oct,716.38
887,A6_Ster_Ce,A_6,Sterile,Tray20,40,Alive,1/19/18,1/29/18,22.42,6.69,Ce,6,Ammophila,1,22,BMR,Round2,8-Oct,29.11
888,L36_Live_La,L_36,Live,Tray20,41,Alive,1/19/18,1/29/18,546.86,548.98,La,36,Lupine,2,6,Sonoma,Round2,8-Oct,1095.84
889,A21_Live_Ce,A_21,Live,Tray20,42,Alive,1/19/18,1/29/18,9.8,3.02,Ce,21,Ammophila,1,11,Sonoma,Round2,8-Oct,12.82
891,B27_Live_Aa,B_27,Live,Tray20,44,Alive,1/19/18,1/29/18,6.58,3.65,Aa,27,Baccharis,1,20,Sonoma,Round2,9-Oct,10.23
892,B27_Ster_Ce,B_27,Sterile,Tray20,45,Alive,1/19/18,1/29/18,9.19,6.88,Ce,27,Baccharis,1,20,Sonoma,Round2,9-Oct,16.07
893,B28_Ster_Ce,B_28,Sterile,Tray20,46,Alive,1/19/18,1/29/18,22.43,7.62,Ce,28,Baccharis,1,24,Sonoma,Round2,8-Oct,30.05
894,L18_Ster_Aa,L_18,Sterile,Tray20,47,Alive,1/19/18,1/29/18,65.22,53.61,Aa,18,Lupine,2,3,Sonoma,Round2,8-Oct,118.83
895,B24_Live_La,B_24,Live,Tray20,48,Alive,1/19/18,1/29/18,493.3,498.22,La,24,Baccharis,2,13,Sonoma,Round2,9-Oct,991.52
897,B3_Live_Aa,B_3,Live,Tray21,1,Alive,1/20/18,1/30/18,18.86,12.96,Aa,3,Baccharis,1,7,BMR,Round2,8-Oct,31.82
899,L32_Live_La,L_32,Live,Tray21,3,Alive,1/20/18,1/30/18,816.98,488.97,La,32,Lupine,1,8,Sonoma,Round2,8-Oct,1305.95
900,L32_Ster_Ce,L_32,Sterile,Tray21,4,Alive,1/20/18,1/30/18,11.75,4.46,Ce,32,Lupine,1,8,Sonoma,Round2,8-Oct,16.21
902,L32_Live_Ce,L_32,Live,Tray21,6,Alive,1/20/18,1/30/18,2.79,0.97,Ce,32,Lupine,1,8,Sonoma,Round2,8-Oct,3.76
903,I43_Ster_Ce,I_43,Sterile,Tray21,7,Alive,1/20/18,1/30/18,5.91,4.09,Ce,43,IcePlant,2,12,Sonoma,Round2,8-Oct,10
904,A33_Live_Ce,A_33,Live,Tray21,8,Alive,1/20/18,1/30/18,22.62,10.18,Ce,33,Ammophila,2,0.5,Sonoma,Round2,9-Oct,32.8
905,I38_Ster_Aa,I_38,Sterile,Tray21,9,Alive,1/20/18,1/30/18,75.53,67.01,Aa,38,IcePlant,2,7,BMR,Round2,8-Oct,142.54
906,L36_Live_Aa,L_36,Live,Tray21,10,Alive,1/20/18,1/30/18,66.37,45.64,Aa,36,Lupine,2,6,Sonoma,Round2,8-Oct,112.01
911,I38_Ster_La,I_38,Sterile,Tray21,15,Alive,1/20/18,1/30/18,94.66,238.52,La,38,IcePlant,2,7,BMR,Round2,8-Oct,333.18
912,A33_Live_Aa,A_33,Live,Tray21,16,Alive,1/20/18,1/30/18,57.21,41.81,Aa,33,Ammophila,2,0.5,Sonoma,Round2,9-Oct,99.02
913,I30_Live_Ce,I_30,Live,Tray21,17,Alive,1/20/18,1/30/18,11.62,7.15,Ce,30,IcePlant,1,6,Sonoma,Round2,9-Oct,18.77
915,B28_Ster_Aa,B_28,Sterile,Tray21,19,Alive,1/20/18,1/30/18,50.87,49.2,Aa,28,Baccharis,1,24,Sonoma,Round2,8-Oct,100.07
916,I43_Ster_La,I_43,Sterile,Tray21,20,Alive,1/20/18,1/30/18,113.36,159.03,La,43,IcePlant,2,12,Sonoma,Round2,8-Oct,272.39
917,I38_Live_Aa,I_38,Live,Tray21,21,Alive,1/20/18,1/30/18,46.64,28.63,Aa,38,IcePlant,2,7,BMR,Round2,8-Oct,75.27
918,L19_Ster_Aa,L_19,Sterile,Tray21,22,Alive,1/20/18,1/30/18,67.58,62.53,Aa,19,Lupine,2,5,Sonoma,Round2,9-Oct,130.11
919,L54_Ster_La,L_54,Sterile,Tray21,23,Alive,1/20/18,1/30/18,80.61,143.13,La,54,Lupine,1,10,BMR,Round2,9-Oct,223.74
920,I11_Ster_Aa,I_11,Sterile,Tray21,24,Alive,1/20/18,1/30/18,41.87,24.41,Aa,11,IcePlant,1,9,BMR,Round2,8-Oct,66.28
922,A22_Live_Ce,A_22,Live,Tray21,26,Alive,1/20/18,1/30/18,14.82,3.21,Ce,22,Ammophila,1,6,Sonoma,Round2,9-Oct,18.03
923,L74_Live_La,L_74,Live,Tray21,27,Alive,1/20/18,1/30/18,580.28,589.32,La,74,Lupine,2,0.5,Sonoma,Round2,7-Oct,1169.6
925,A21_Live_Aa,A_21,Live,Tray21,29,Alive,1/20/18,1/30/18,26.49,21.45,Aa,21,Ammophila,1,11,Sonoma,Round2,8-Oct,47.94
926,I43_Live_Aa,I_43,Live,Tray21,31,Alive,1/20/18,1/30/18,27.79,21.77,Aa,43,IcePlant,2,12,Sonoma,Round2,8-Oct,49.56
928,L19_Ster_Ce,L_19,Sterile,Tray21,33,Alive,1/20/18,1/30/18,25,8.92,Ce,19,Lupine,2,5,Sonoma,Round2,9-Oct,33.92
929,B27_Live_La,B_27,Live,Tray21,34,Alive,1/20/18,1/30/18,231.9,276.24,La,27,Baccharis,1,20,Sonoma,Round2,9-Oct,508.14
932,L54_Live_Aa,L_54,Live,Tray21,37,Alive,1/20/18,1/30/18,51.84,33.91,Aa,54,Lupine,1,10,BMR,Round2,9-Oct,85.75
935,B27_Live_Ce,B_27,Live,Tray21,40,Alive,1/20/18,1/30/18,8.74,3.2,Ce,27,Baccharis,1,20,Sonoma,Round2,9-Oct,11.94
939,L18_Ster_La,L_18,Sterile,Tray21,44,Alive,1/20/18,1/30/18,60.99,106.95,La,18,Lupine,2,3,Sonoma,Round2,8-Oct,167.94
940,I38_Live_Ce,I_38,Live,Tray21,45,Alive,1/20/18,1/30/18,5.3,1.75,Ce,38,IcePlant,2,7,BMR,Round2,8-Oct,7.05
941,A15_Live_La,A_15,Live,Tray21,46,Alive,1/20/18,1/30/18,1222.34,808.44,La,15,Ammophila,2,26,BMR,Round2,8-Oct,2030.78
942,A11_Ster_Ce,A_11,Sterile,Tray21,47,Alive,1/20/18,1/30/18,11.5,2.92,Ce,11,Ammophila,1,17,BMR,Round2,8-Oct,14.42
945,B24_Ster_La,B_24,Sterile,Tray22,1,Alive,2001/12/18,1/25/18,95.07,143.57,La,24,Baccharis,2,13,Sonoma,Round2,9-Oct,238.64
946,L19_Live_Aa,L_19,Live,Tray22,2,Alive,2001/12/18,1/25/18,40.06,25.97,Aa,19,Lupine,2,5,Sonoma,Round2,9-Oct,66.03
947,I30_Ster_Ce,I_30,Sterile,Tray22,3,Alive,2001/12/18,1/25/18,22.47,8.84,Ce,30,IcePlant,1,6,Sonoma,Round2,9-Oct,31.31
948,A22_Live_La,A_22,Live,Tray22,4,Alive,2001/12/18,1/25/18,138.87,154.84,La,22,Ammophila,1,6,Sonoma,Round2,9-Oct,293.71
956,A22_Live_Aa,A_22,Live,Tray22,12,Alive,2001/12/18,1/25/18,29.27,20.22,Aa,22,Ammophila,1,6,Sonoma,Round2,9-Oct,49.49
958,A27_Live_La,A_27,Live,Tray22,14,Alive,2001/12/18,1/25/18,152.28,87.01,La,27,Ammophila,1,18,Sonoma,Round2,9-Oct,239.29
960,L54_Live_Ce,L_54,Live,Tray22,16,Alive,2001/12/18,1/25/18,9.65,2.78,Ce,54,Lupine,1,10,BMR,Round2,9-Oct,12.43
961,B35_Ster_La,B_35,Sterile,Tray22,18,Alive,2001/12/18,1/25/18,112.48,149.05,La,35,Baccharis,2,0.5,Sonoma,Round2,9-Oct,261.53
962,I30_Live_Aa,I_30,Live,Tray22,19,Alive,2001/12/18,1/25/18,30.34,21.31,Aa,30,IcePlant,1,6,Sonoma,Round2,9-Oct,51.65
963,B35_Ster_Aa,B_35,Sterile,Tray22,21,Alive,2001/12/18,1/25/18,59.16,50.2,Aa,35,Baccharis,2,0.5,Sonoma,Round2,9-Oct,109.36
964,I30_Live_La,I_30,Live,Tray22,22,Alive,2001/12/18,1/25/18,937.48,681.04,La,30,IcePlant,1,6,Sonoma,Round2,9-Oct,1618.52
965,B24_Live_Aa,B_24,Live,Tray22,23,Alive,2001/12/18,1/25/18,30.58,21.12,Aa,24,Baccharis,2,13,Sonoma,Round2,9-Oct,51.7